Date,Time,Area 6/Ecutec/PCC2/PCC2_p1160_ACT_V_OUT_ABS,Area 6/Ecutec/PCC2/PCC2_p3021_SPD_DEV_VAL,Area 6/Ecutec/PCC2/PM608_AMPS_SUM
2022-06-05,00:00:00.000,6.943930202396587E-5,,0.0
2022-06-05,00:01:00.000,6.943930202396587E-5,,0.0
2022-06-05,00:02:00.000,6.943930202396587E-5,,0.0
2022-06-05,00:03:00.000,6.943930202396587E-5,,0.0
2022-06-05,00:04:00.000,6.943930202396587E-5,,0.0
2022-06-05,00:05:00.000,6.943930202396587E-5,,0.0
2022-06-05,00:06:00.000,6.943930202396587E-5,,0.0
2022-06-05,00:07:00.000,6.943930202396587E-5,,0.0
2022-06-05,00:08:00.000,6.943930202396587E-5,,0.0
2022-06-05,00:09:00.000,6.943930202396587E-5,,0.0
2022-06-05,00:10:00.000,6.943930202396587E-5,,0.0
2022-06-05,00:11:00.000,6.943930202396587E-5,,0.0
2022-06-05,00:12:00.000,6.943930202396587E-5,,0.0
2022-06-05,00:13:00.000,6.943930202396587E-5,,0.0
2022-06-05,00:14:00.000,6.943930202396587E-5,,0.0
2022-06-05,00:15:00.000,6.943930202396587E-5,,0.0
2022-06-05,00:16:00.000,6.943930202396587E-5,,0.0
2022-06-05,00:17:00.000,6.943930202396587E-5,,0.0
2022-06-05,00:18:00.000,6.943930202396587E-5,,0.0
2022-06-05,00:19:00.000,6.943930202396587E-5,,0.0
2022-06-05,00:20:00.000,6.943930202396587E-5,,0.0
2022-06-05,00:21:00.000,6.943930202396587E-5,,0.0
2022-06-05,00:22:00.000,6.943930202396587E-5,,0.0
2022-06-05,00:23:00.000,6.943930202396587E-5,,0.0
2022-06-05,00:24:00.000,6.943930202396587E-5,,0.0
2022-06-05,00:25:00.000,6.943930202396587E-5,,0.0
2022-06-05,00:26:00.000,6.943930202396587E-5,,0.0
2022-06-05,00:27:00.000,6.943930202396587E-5,,0.0
2022-06-05,00:28:00.000,6.943930202396587E-5,,0.0
2022-06-05,00:29:00.000,6.943930202396587E-5,,0.0
2022-06-05,00:30:00.000,6.943930202396587E-5,,0.0
2022-06-05,00:31:00.000,6.943930202396587E-5,,0.0
2022-06-05,00:32:00.000,6.943930202396587E-5,,0.0
2022-06-05,00:33:00.000,6.943930202396587E-5,,0.0
2022-06-05,00:34:00.000,6.943930202396587E-5,,0.0
2022-06-05,00:35:00.000,6.943930202396587E-5,,0.0
2022-06-05,00:36:00.000,6.943930202396587E-5,,0.0
2022-06-05,00:37:00.000,6.943930202396587E-5,,0.0
2022-06-05,00:38:00.000,6.943930202396587E-5,,0.0
2022-06-05,00:39:00.000,6.943930202396587E-5,,0.0
2022-06-05,00:40:00.000,6.943930202396587E-5,,0.0
2022-06-05,00:41:00.000,6.943930202396587E-5,,0.0
2022-06-05,00:42:00.000,6.943930202396587E-5,,0.0
2022-06-05,00:43:00.000,6.943930202396587E-5,,0.0
2022-06-05,00:44:00.000,6.943930202396587E-5,,0.0
2022-06-05,00:45:00.000,6.943930202396587E-5,,0.0
2022-06-05,00:46:00.000,6.943930202396587E-5,,0.0
2022-06-05,00:47:00.000,6.943930202396587E-5,,0.0
2022-06-05,00:48:00.000,6.943930202396587E-5,,0.0
2022-06-05,00:49:00.000,6.943930202396587E-5,,0.0
2022-06-05,00:50:00.000,6.943930202396587E-5,,0.0
2022-06-05,00:51:00.000,6.943930202396587E-5,,0.0
2022-06-05,00:52:00.000,6.943930202396587E-5,,0.0
2022-06-05,00:53:00.000,6.943930202396587E-5,,0.0
2022-06-05,00:54:00.000,6.943930202396587E-5,,0.0
2022-06-05,00:55:00.000,6.943930202396587E-5,,0.0
2022-06-05,00:56:00.000,6.943930202396587E-5,,0.0
2022-06-05,00:57:00.000,6.943930202396587E-5,,0.0
2022-06-05,00:58:00.000,6.943930202396587E-5,,0.0
2022-06-05,00:59:00.000,6.943930202396587E-5,,0.0
2022-06-05,01:00:00.000,6.943930202396587E-5,,0.0
2022-06-05,01:01:00.000,6.943930202396587E-5,,0.0
2022-06-05,01:02:00.000,6.943930202396587E-5,,0.0
2022-06-05,01:03:00.000,6.943930202396587E-5,,0.0
2022-06-05,01:04:00.000,6.943930202396587E-5,,0.0
2022-06-05,01:05:00.000,6.943930202396587E-5,,0.0
2022-06-05,01:06:00.000,6.943930202396587E-5,,0.0
2022-06-05,01:07:00.000,6.943930202396587E-5,,0.0
2022-06-05,01:08:00.000,6.943930202396587E-5,,0.0
2022-06-05,01:09:00.000,6.943930202396587E-5,,0.0
2022-06-05,01:10:00.000,6.943930202396587E-5,,0.0
2022-06-05,01:11:00.000,6.943930202396587E-5,,0.0
2022-06-05,01:12:00.000,6.943930202396587E-5,,0.0
2022-06-05,01:13:00.000,6.943930202396587E-5,,0.0
2022-06-05,01:14:00.000,6.943930202396587E-5,,0.0
2022-06-05,01:15:00.000,6.943930202396587E-5,,0.0
2022-06-05,01:16:00.000,6.943930202396587E-5,,0.0
2022-06-05,01:17:00.000,6.943930202396587E-5,,0.0
2022-06-05,01:18:00.000,6.943930202396587E-5,,0.0
2022-06-05,01:19:00.000,6.943930202396587E-5,,0.0
2022-06-05,01:20:00.000,6.943930202396587E-5,,0.0
2022-06-05,01:21:00.000,6.943930202396587E-5,,0.0
2022-06-05,01:22:00.000,6.943930202396587E-5,,0.0
2022-06-05,01:23:00.000,6.943930202396587E-5,,0.0
2022-06-05,01:24:00.000,6.943930202396587E-5,,0.0
2022-06-05,01:25:00.000,6.943930202396587E-5,,0.0
2022-06-05,01:26:00.000,6.943930202396587E-5,,0.0
2022-06-05,01:27:00.000,6.943930202396587E-5,,0.0
2022-06-05,01:28:00.000,6.943930202396587E-5,,0.0
2022-06-05,01:29:00.000,6.943930202396587E-5,,0.0
2022-06-05,01:30:00.000,6.943930202396587E-5,,0.0
2022-06-05,01:31:00.000,6.943930202396587E-5,,0.0
2022-06-05,01:32:00.000,6.943930202396587E-5,,0.0
2022-06-05,01:33:00.000,6.943930202396587E-5,,0.0
2022-06-05,01:34:00.000,6.943930202396587E-5,,0.0
2022-06-05,01:35:00.000,6.943930202396587E-5,,0.0
2022-06-05,01:36:00.000,6.943930202396587E-5,,0.0
2022-06-05,01:37:00.000,6.943930202396587E-5,,0.0
2022-06-05,01:38:00.000,6.943930202396587E-5,,0.0
2022-06-05,01:39:00.000,6.943930202396587E-5,,0.0
2022-06-05,01:40:00.000,6.943930202396587E-5,,0.0
2022-06-05,01:41:00.000,6.943930202396587E-5,,0.0
2022-06-05,01:42:00.000,6.943930202396587E-5,,0.0
2022-06-05,01:43:00.000,6.943930202396587E-5,,0.0
2022-06-05,01:44:00.000,6.943930202396587E-5,,0.0
2022-06-05,01:45:00.000,6.943930202396587E-5,,0.0
2022-06-05,01:46:00.000,6.943930202396587E-5,,0.0
2022-06-05,01:47:00.000,6.943930202396587E-5,,0.0
2022-06-05,01:48:00.000,6.943930202396587E-5,,0.0
2022-06-05,01:49:00.000,6.943930202396587E-5,,0.0
2022-06-05,01:50:00.000,6.943930202396587E-5,,0.0
2022-06-05,01:51:00.000,6.943930202396587E-5,,0.0
2022-06-05,01:52:00.000,6.943930202396587E-5,,0.0
2022-06-05,01:53:00.000,6.943930202396587E-5,,0.0
2022-06-05,01:54:00.000,6.943930202396587E-5,,0.0
2022-06-05,01:55:00.000,6.943930202396587E-5,,0.0
2022-06-05,01:56:00.000,6.943930202396587E-5,,0.0
2022-06-05,01:57:00.000,6.943930202396587E-5,,0.0
2022-06-05,01:58:00.000,6.943930202396587E-5,,0.0
2022-06-05,01:59:00.000,6.943930202396587E-5,,0.0
2022-06-05,02:00:00.000,6.943930202396587E-5,,0.0
2022-06-05,02:01:00.000,6.943930202396587E-5,,0.0
2022-06-05,02:02:00.000,6.943930202396587E-5,,0.0
2022-06-05,02:03:00.000,6.943930202396587E-5,,0.0
2022-06-05,02:04:00.000,6.943930202396587E-5,,0.0
2022-06-05,02:05:00.000,6.943930202396587E-5,,0.0
2022-06-05,02:06:00.000,6.943930202396587E-5,,0.0
2022-06-05,02:07:00.000,6.943930202396587E-5,,0.0
2022-06-05,02:08:00.000,6.943930202396587E-5,,0.0
2022-06-05,02:09:00.000,6.943930202396587E-5,,0.0
2022-06-05,02:10:00.000,6.943930202396587E-5,,0.0
2022-06-05,02:11:00.000,6.943930202396587E-5,,0.0
2022-06-05,02:12:00.000,6.943930202396587E-5,,0.0
2022-06-05,02:13:00.000,6.943930202396587E-5,,0.0
2022-06-05,02:14:00.000,6.943930202396587E-5,,0.0
2022-06-05,02:15:00.000,6.943930202396587E-5,,0.0
2022-06-05,02:16:00.000,6.943930202396587E-5,,0.0
2022-06-05,02:17:00.000,6.943930202396587E-5,,0.0
2022-06-05,02:18:00.000,6.943930202396587E-5,,0.0
2022-06-05,02:19:00.000,6.943930202396587E-5,,0.0
2022-06-05,02:20:00.000,6.943930202396587E-5,,0.0
2022-06-05,02:21:00.000,6.943930202396587E-5,,0.0
2022-06-05,02:22:00.000,6.943930202396587E-5,,0.0
2022-06-05,02:23:00.000,6.943930202396587E-5,,0.0
2022-06-05,02:24:00.000,6.943930202396587E-5,,0.0
2022-06-05,02:25:00.000,6.943930202396587E-5,,0.0
2022-06-05,02:26:00.000,6.943930202396587E-5,,0.0
2022-06-05,02:27:00.000,6.943930202396587E-5,,0.0
2022-06-05,02:28:00.000,6.943930202396587E-5,,0.0
2022-06-05,02:29:00.000,6.943930202396587E-5,,0.0
2022-06-05,02:30:00.000,6.943930202396587E-5,,0.0
2022-06-05,02:31:00.000,6.943930202396587E-5,,0.0
2022-06-05,02:32:00.000,6.943930202396587E-5,,0.0
2022-06-05,02:33:00.000,6.943930202396587E-5,,0.0
2022-06-05,02:34:00.000,6.943930202396587E-5,,0.0
2022-06-05,02:35:00.000,6.943930202396587E-5,,0.0
2022-06-05,02:36:00.000,6.943930202396587E-5,,0.0
2022-06-05,02:37:00.000,6.943930202396587E-5,,0.0
2022-06-05,02:38:00.000,6.943930202396587E-5,,0.0
2022-06-05,02:39:00.000,6.943930202396587E-5,,0.0
2022-06-05,02:40:00.000,6.943930202396587E-5,,0.0
2022-06-05,02:41:00.000,6.943930202396587E-5,,0.0
2022-06-05,02:42:00.000,6.943930202396587E-5,,0.0
2022-06-05,02:43:00.000,6.943930202396587E-5,,0.0
2022-06-05,02:44:00.000,6.943930202396587E-5,,0.0
2022-06-05,02:45:00.000,6.943930202396587E-5,,0.0
2022-06-05,02:46:00.000,6.943930202396587E-5,,0.0
2022-06-05,02:47:00.000,6.943930202396587E-5,,0.0
2022-06-05,02:48:00.000,6.943930202396587E-5,,0.0
2022-06-05,02:49:00.000,6.943930202396587E-5,,0.0
2022-06-05,02:50:00.000,6.943930202396587E-5,,0.0
2022-06-05,02:51:00.000,6.943930202396587E-5,,0.0
2022-06-05,02:52:00.000,6.943930202396587E-5,,0.0
2022-06-05,02:53:00.000,6.943930202396587E-5,,0.0
2022-06-05,02:54:00.000,6.943930202396587E-5,,0.0
2022-06-05,02:55:00.000,6.943930202396587E-5,,0.0
2022-06-05,02:56:00.000,6.943930202396587E-5,,0.0
2022-06-05,02:57:00.000,6.943930202396587E-5,,0.0
2022-06-05,02:58:00.000,6.943930202396587E-5,,0.0
2022-06-05,02:59:00.000,6.943930202396587E-5,,0.0
2022-06-05,03:00:00.000,6.943930202396587E-5,,0.0
2022-06-05,03:01:00.000,6.943930202396587E-5,,0.0
2022-06-05,03:02:00.000,6.943930202396587E-5,,0.0
2022-06-05,03:03:00.000,6.943930202396587E-5,,0.0
2022-06-05,03:04:00.000,6.943930202396587E-5,,0.0
2022-06-05,03:05:00.000,6.943930202396587E-5,,0.0
2022-06-05,03:06:00.000,6.943930202396587E-5,,0.0
2022-06-05,03:07:00.000,6.943930202396587E-5,,0.0
2022-06-05,03:08:00.000,6.943930202396587E-5,,0.0
2022-06-05,03:09:00.000,6.943930202396587E-5,,0.0
2022-06-05,03:10:00.000,6.943930202396587E-5,,0.0
2022-06-05,03:11:00.000,6.943930202396587E-5,,0.0
2022-06-05,03:12:00.000,6.943930202396587E-5,,0.0
2022-06-05,03:13:00.000,6.943930202396587E-5,,0.0
2022-06-05,03:14:00.000,6.943930202396587E-5,,0.0
2022-06-05,03:15:00.000,6.943930202396587E-5,,0.0
2022-06-05,03:16:00.000,6.943930202396587E-5,,0.0
2022-06-05,03:17:00.000,6.943930202396587E-5,,0.0
2022-06-05,03:18:00.000,6.943930202396587E-5,,0.0
2022-06-05,03:19:00.000,6.943930202396587E-5,,0.0
2022-06-05,03:20:00.000,6.943930202396587E-5,,0.0
2022-06-05,03:21:00.000,6.943930202396587E-5,,0.0
2022-06-05,03:22:00.000,6.943930202396587E-5,,0.0
2022-06-05,03:23:00.000,6.943930202396587E-5,,0.0
2022-06-05,03:24:00.000,6.943930202396587E-5,,0.0
2022-06-05,03:25:00.000,6.943930202396587E-5,,0.0
2022-06-05,03:26:00.000,6.943930202396587E-5,,0.0
2022-06-05,03:27:00.000,6.943930202396587E-5,,0.0
2022-06-05,03:28:00.000,6.943930202396587E-5,,0.0
2022-06-05,03:29:00.000,6.943930202396587E-5,,0.0
2022-06-05,03:30:00.000,6.943930202396587E-5,,0.0
2022-06-05,03:31:00.000,6.943930202396587E-5,,0.0
2022-06-05,03:32:00.000,6.943930202396587E-5,,0.0
2022-06-05,03:33:00.000,6.943930202396587E-5,,0.0
2022-06-05,03:34:00.000,6.943930202396587E-5,,0.0
2022-06-05,03:35:00.000,6.943930202396587E-5,,0.0
2022-06-05,03:36:00.000,6.943930202396587E-5,,0.0
2022-06-05,03:37:00.000,6.943930202396587E-5,,0.0
2022-06-05,03:38:00.000,6.943930202396587E-5,,0.0
2022-06-05,03:39:00.000,6.943930202396587E-5,,0.0
2022-06-05,03:40:00.000,6.943930202396587E-5,,0.0
2022-06-05,03:41:00.000,6.943930202396587E-5,,0.0
2022-06-05,03:42:00.000,6.943930202396587E-5,,0.0
2022-06-05,03:43:00.000,6.943930202396587E-5,,0.0
2022-06-05,03:44:00.000,6.943930202396587E-5,,0.0
2022-06-05,03:45:00.000,6.943930202396587E-5,,0.0
2022-06-05,03:46:00.000,6.943930202396587E-5,,0.0
2022-06-05,03:47:00.000,6.943930202396587E-5,,0.0
2022-06-05,03:48:00.000,6.943930202396587E-5,,0.0
2022-06-05,03:49:00.000,6.943930202396587E-5,,0.0
2022-06-05,03:50:00.000,6.943930202396587E-5,,0.0
2022-06-05,03:51:00.000,6.943930202396587E-5,,0.0
2022-06-05,03:52:00.000,6.943930202396587E-5,,0.0
2022-06-05,03:53:00.000,6.943930202396587E-5,,0.0
2022-06-05,03:54:00.000,6.943930202396587E-5,,0.0
2022-06-05,03:55:00.000,6.943930202396587E-5,,0.0
2022-06-05,03:56:00.000,6.943930202396587E-5,,0.0
2022-06-05,03:57:00.000,6.943930202396587E-5,,0.0
2022-06-05,03:58:00.000,6.943930202396587E-5,,0.0
2022-06-05,03:59:00.000,6.943930202396587E-5,,0.0
2022-06-05,04:00:00.000,6.943930202396587E-5,,0.0
2022-06-05,04:01:00.000,6.943930202396587E-5,,0.0
2022-06-05,04:02:00.000,6.943930202396587E-5,,0.0
2022-06-05,04:03:00.000,6.943930202396587E-5,,0.0
2022-06-05,04:04:00.000,6.943930202396587E-5,,0.0
2022-06-05,04:05:00.000,6.943930202396587E-5,,0.0
2022-06-05,04:06:00.000,6.943930202396587E-5,,0.0
2022-06-05,04:07:00.000,6.943930202396587E-5,,0.0
2022-06-05,04:08:00.000,6.943930202396587E-5,,0.0
2022-06-05,04:09:00.000,6.943930202396587E-5,,0.0
2022-06-05,04:10:00.000,6.943930202396587E-5,,0.0
2022-06-05,04:11:00.000,6.943930202396587E-5,,0.0
2022-06-05,04:12:00.000,6.943930202396587E-5,,0.0
2022-06-05,04:13:00.000,6.943930202396587E-5,,0.0
2022-06-05,04:14:00.000,6.943930202396587E-5,,0.0
2022-06-05,04:15:00.000,6.943930202396587E-5,,0.0
2022-06-05,04:16:00.000,6.943930202396587E-5,,0.0
2022-06-05,04:17:00.000,6.943930202396587E-5,,0.0
2022-06-05,04:18:00.000,6.943930202396587E-5,,0.0
2022-06-05,04:19:00.000,6.943930202396587E-5,,0.0
2022-06-05,04:20:00.000,6.943930202396587E-5,,0.0
2022-06-05,04:21:00.000,6.943930202396587E-5,,0.0
2022-06-05,04:22:00.000,6.943930202396587E-5,,0.0
2022-06-05,04:23:00.000,6.943930202396587E-5,,0.0
2022-06-05,04:24:00.000,6.943930202396587E-5,,0.0
2022-06-05,04:25:00.000,6.943930202396587E-5,,0.0
2022-06-05,04:26:00.000,6.943930202396587E-5,,0.0
2022-06-05,04:27:00.000,6.943930202396587E-5,,0.0
2022-06-05,04:28:00.000,6.943930202396587E-5,,0.0
2022-06-05,04:29:00.000,6.943930202396587E-5,,0.0
2022-06-05,04:30:00.000,6.943930202396587E-5,,0.0
2022-06-05,04:31:00.000,6.943930202396587E-5,,0.0
2022-06-05,04:32:00.000,6.943930202396587E-5,,0.0
2022-06-05,04:33:00.000,6.943930202396587E-5,,0.0
2022-06-05,04:34:00.000,6.943930202396587E-5,,0.0
2022-06-05,04:35:00.000,6.943930202396587E-5,,0.0
2022-06-05,04:36:00.000,6.943930202396587E-5,,0.0
2022-06-05,04:37:00.000,6.943930202396587E-5,,0.0
2022-06-05,04:38:00.000,6.943930202396587E-5,,0.0
2022-06-05,04:39:00.000,6.943930202396587E-5,,0.0
2022-06-05,04:40:00.000,6.943930202396587E-5,,0.0
2022-06-05,04:41:00.000,6.943930202396587E-5,,0.0
2022-06-05,04:42:00.000,6.943930202396587E-5,,0.0
2022-06-05,04:43:00.000,6.943930202396587E-5,,0.0
2022-06-05,04:44:00.000,6.943930202396587E-5,,0.0
2022-06-05,04:45:00.000,6.943930202396587E-5,,0.0
2022-06-05,04:46:00.000,6.943930202396587E-5,,0.0
2022-06-05,04:47:00.000,6.943930202396587E-5,,0.0
2022-06-05,04:48:00.000,6.943930202396587E-5,,0.0
2022-06-05,04:49:00.000,6.943930202396587E-5,,0.0
2022-06-05,04:50:00.000,6.943930202396587E-5,,0.0
2022-06-05,04:51:00.000,6.943930202396587E-5,,0.0
2022-06-05,04:52:00.000,6.943930202396587E-5,,0.0
2022-06-05,04:53:00.000,6.943930202396587E-5,,0.0
2022-06-05,04:54:00.000,6.943930202396587E-5,,0.0
2022-06-05,04:55:00.000,6.943930202396587E-5,,0.0
2022-06-05,04:56:00.000,6.943930202396587E-5,,0.0
2022-06-05,04:57:00.000,6.943930202396587E-5,,0.0
2022-06-05,04:58:00.000,6.943930202396587E-5,,0.0
2022-06-05,04:59:00.000,6.943930202396587E-5,,0.0
2022-06-05,05:00:00.000,6.943930202396587E-5,,0.0
2022-06-05,05:01:00.000,6.943930202396587E-5,,0.0
2022-06-05,05:02:00.000,6.943930202396587E-5,,0.0
2022-06-05,05:03:00.000,6.943930202396587E-5,,0.0
2022-06-05,05:04:00.000,6.943930202396587E-5,,0.0
2022-06-05,05:05:00.000,6.943930202396587E-5,,0.0
2022-06-05,05:06:00.000,6.943930202396587E-5,,0.0
2022-06-05,05:07:00.000,6.943930202396587E-5,,0.0
2022-06-05,05:08:00.000,6.943930202396587E-5,,0.0
2022-06-05,05:09:00.000,6.943930202396587E-5,,0.0
2022-06-05,05:10:00.000,6.943930202396587E-5,,0.0
2022-06-05,05:11:00.000,6.943930202396587E-5,,0.0
2022-06-05,05:12:00.000,6.943930202396587E-5,,0.0
2022-06-05,05:13:00.000,6.943930202396587E-5,,0.0
2022-06-05,05:14:00.000,6.943930202396587E-5,,0.0
2022-06-05,05:15:00.000,6.943930202396587E-5,,0.0
2022-06-05,05:16:00.000,6.943930202396587E-5,,0.0
2022-06-05,05:17:00.000,6.943930202396587E-5,,0.0
2022-06-05,05:18:00.000,6.943930202396587E-5,,0.0
2022-06-05,05:19:00.000,6.943930202396587E-5,,0.0
2022-06-05,05:20:00.000,6.943930202396587E-5,,0.0
2022-06-05,05:21:00.000,6.943930202396587E-5,,0.0
2022-06-05,05:22:00.000,6.943930202396587E-5,,0.0
2022-06-05,05:23:00.000,6.943930202396587E-5,,0.0
2022-06-05,05:24:00.000,6.943930202396587E-5,,0.0
2022-06-05,05:25:00.000,6.943930202396587E-5,,0.0
2022-06-05,05:26:00.000,6.943930202396587E-5,,0.0
2022-06-05,05:27:00.000,6.943930202396587E-5,,0.0
2022-06-05,05:28:00.000,6.943930202396587E-5,,0.0
2022-06-05,05:29:00.000,6.943930202396587E-5,,0.0
2022-06-05,05:30:00.000,6.943930202396587E-5,,0.0
2022-06-05,05:31:00.000,6.943930202396587E-5,,0.0
2022-06-05,05:32:00.000,6.943930202396587E-5,,0.0
2022-06-05,05:33:00.000,6.943930202396587E-5,,0.0
2022-06-05,05:34:00.000,6.943930202396587E-5,,0.0
2022-06-05,05:35:00.000,6.943930202396587E-5,,0.0
2022-06-05,05:36:00.000,6.943930202396587E-5,,0.0
2022-06-05,05:37:00.000,6.943930202396587E-5,,0.0
2022-06-05,05:38:00.000,6.943930202396587E-5,,0.0
2022-06-05,05:39:00.000,6.943930202396587E-5,,0.0
2022-06-05,05:40:00.000,6.943930202396587E-5,,0.0
2022-06-05,05:41:00.000,6.943930202396587E-5,,0.0
2022-06-05,05:42:00.000,6.943930202396587E-5,,0.0
2022-06-05,05:43:00.000,6.943930202396587E-5,,0.0
2022-06-05,05:44:00.000,6.943930202396587E-5,,0.0
2022-06-05,05:45:00.000,6.943930202396587E-5,,0.0
2022-06-05,05:46:00.000,6.943930202396587E-5,,0.0
2022-06-05,05:47:00.000,6.943930202396587E-5,,0.0
2022-06-05,05:48:00.000,6.943930202396587E-5,,0.0
2022-06-05,05:49:00.000,6.943930202396587E-5,,0.0
2022-06-05,05:50:00.000,6.943930202396587E-5,,0.0
2022-06-05,05:51:00.000,6.943930202396587E-5,,0.0
2022-06-05,05:52:00.000,6.943930202396587E-5,,0.0
2022-06-05,05:53:00.000,6.943930202396587E-5,,0.0
2022-06-05,05:54:00.000,6.943930202396587E-5,,0.0
2022-06-05,05:55:00.000,6.943930202396587E-5,,0.0
2022-06-05,05:56:00.000,6.943930202396587E-5,,0.0
2022-06-05,05:57:00.000,6.943930202396587E-5,,0.0
2022-06-05,05:58:00.000,6.943930202396587E-5,,0.0
2022-06-05,05:59:00.000,6.943930202396587E-5,,0.0
2022-06-05,06:00:00.000,6.943930202396587E-5,,0.0
2022-06-05,06:01:00.000,6.943930202396587E-5,,0.0
2022-06-05,06:02:00.000,6.943930202396587E-5,,0.0
2022-06-05,06:03:00.000,6.943930202396587E-5,,0.0
2022-06-05,06:04:00.000,6.943930202396587E-5,,0.0
2022-06-05,06:05:00.000,6.943930202396587E-5,,0.0
2022-06-05,06:06:00.000,6.943930202396587E-5,,0.0
2022-06-05,06:07:00.000,6.943930202396587E-5,,0.0
2022-06-05,06:08:00.000,6.943930202396587E-5,,0.0
2022-06-05,06:09:00.000,6.943930202396587E-5,,0.0
2022-06-05,06:10:00.000,6.943930202396587E-5,,0.0
2022-06-05,06:11:00.000,6.943930202396587E-5,,0.0
2022-06-05,06:12:00.000,6.943930202396587E-5,,0.0
2022-06-05,06:13:00.000,6.943930202396587E-5,,0.0
2022-06-05,06:14:00.000,6.943930202396587E-5,,0.0
2022-06-05,06:15:00.000,6.943930202396587E-5,,0.0
2022-06-05,06:16:00.000,6.943930202396587E-5,,0.0
2022-06-05,06:17:00.000,6.943930202396587E-5,,0.0
2022-06-05,06:18:00.000,6.943930202396587E-5,,0.0
2022-06-05,06:19:00.000,6.943930202396587E-5,,0.0
2022-06-05,06:20:00.000,6.943930202396587E-5,,0.0
2022-06-05,06:21:00.000,6.943930202396587E-5,,0.0
2022-06-05,06:22:00.000,6.943930202396587E-5,,0.0
2022-06-05,06:23:00.000,6.943930202396587E-5,,0.0
2022-06-05,06:24:00.000,6.943930202396587E-5,,0.0
2022-06-05,06:25:00.000,6.943930202396587E-5,,0.0
2022-06-05,06:26:00.000,6.943930202396587E-5,,0.0
2022-06-05,06:27:00.000,6.943930202396587E-5,,0.0
2022-06-05,06:28:00.000,6.943930202396587E-5,,0.0
2022-06-05,06:29:00.000,6.943930202396587E-5,,0.0
2022-06-05,06:30:00.000,6.943930202396587E-5,,0.0
2022-06-05,06:31:00.000,6.943930202396587E-5,,0.0
2022-06-05,06:32:00.000,6.943930202396587E-5,,0.0
2022-06-05,06:33:00.000,6.943930202396587E-5,,0.0
2022-06-05,06:34:00.000,6.943930202396587E-5,,0.0
2022-06-05,06:35:00.000,6.943930202396587E-5,,0.0
2022-06-05,06:36:00.000,6.943930202396587E-5,,0.0
2022-06-05,06:37:00.000,6.943930202396587E-5,,0.0
2022-06-05,06:38:00.000,6.943930202396587E-5,,0.0
2022-06-05,06:39:00.000,6.943930202396587E-5,,0.0
2022-06-05,06:40:00.000,6.943930202396587E-5,,0.0
2022-06-05,06:41:00.000,6.943930202396587E-5,,0.0
2022-06-05,06:42:00.000,6.943930202396587E-5,,0.0
2022-06-05,06:43:00.000,6.943930202396587E-5,,0.0
2022-06-05,06:44:00.000,6.943930202396587E-5,,0.0
2022-06-05,06:45:00.000,6.943930202396587E-5,,0.0
2022-06-05,06:46:00.000,6.943930202396587E-5,,0.0
2022-06-05,06:47:00.000,6.943930202396587E-5,,0.0
2022-06-05,06:48:00.000,6.943930202396587E-5,,0.0
2022-06-05,06:49:00.000,6.943930202396587E-5,,0.0
2022-06-05,06:50:00.000,6.943930202396587E-5,,0.0
2022-06-05,06:51:00.000,6.943930202396587E-5,,0.0
2022-06-05,06:52:00.000,6.943930202396587E-5,,0.0
2022-06-05,06:53:00.000,6.943930202396587E-5,,0.0
2022-06-05,06:54:00.000,6.943930202396587E-5,,0.0
2022-06-05,06:55:00.000,6.943930202396587E-5,,0.0
2022-06-05,06:56:00.000,6.943930202396587E-5,,0.0
2022-06-05,06:57:00.000,6.943930202396587E-5,,0.0
2022-06-05,06:58:00.000,6.943930202396587E-5,,0.0
2022-06-05,06:59:00.000,6.943930202396587E-5,,0.0
2022-06-05,07:00:00.000,6.943930202396587E-5,,0.0
2022-06-05,07:01:00.000,6.943930202396587E-5,,0.0
2022-06-05,07:02:00.000,6.943930202396587E-5,,0.0
2022-06-05,07:03:00.000,6.943930202396587E-5,,0.0
2022-06-05,07:04:00.000,6.943930202396587E-5,,0.0
2022-06-05,07:05:00.000,6.943930202396587E-5,,0.0
2022-06-05,07:06:00.000,6.943930202396587E-5,,0.0
2022-06-05,07:07:00.000,6.943930202396587E-5,,0.0
2022-06-05,07:08:00.000,6.943930202396587E-5,,0.0
2022-06-05,07:09:00.000,6.943930202396587E-5,,0.0
2022-06-05,07:10:00.000,6.943930202396587E-5,,0.0
2022-06-05,07:11:00.000,6.943930202396587E-5,,0.0
2022-06-05,07:12:00.000,6.943930202396587E-5,,0.0
2022-06-05,07:13:00.000,6.943930202396587E-5,,0.0
2022-06-05,07:14:00.000,6.943930202396587E-5,,0.0
2022-06-05,07:15:00.000,6.943930202396587E-5,,0.0
2022-06-05,07:16:00.000,6.943930202396587E-5,,0.0
2022-06-05,07:17:00.000,6.943930202396587E-5,,0.0
2022-06-05,07:18:00.000,6.943930202396587E-5,,0.0
2022-06-05,07:19:00.000,6.943930202396587E-5,,0.0
2022-06-05,07:20:00.000,6.943930202396587E-5,,0.0
2022-06-05,07:21:00.000,6.943930202396587E-5,,0.0
2022-06-05,07:22:00.000,6.943930202396587E-5,,0.0
2022-06-05,07:23:00.000,6.943930202396587E-5,,0.0
2022-06-05,07:24:00.000,6.943930202396587E-5,,0.0
2022-06-05,07:25:00.000,6.943930202396587E-5,,0.0
2022-06-05,07:26:00.000,6.943930202396587E-5,,0.0
2022-06-05,07:27:00.000,6.943930202396587E-5,,0.0
2022-06-05,07:28:00.000,6.943930202396587E-5,,0.0
2022-06-05,07:29:00.000,6.943930202396587E-5,,0.0
2022-06-05,07:30:00.000,6.943930202396587E-5,,0.0
2022-06-05,07:31:00.000,6.943930202396587E-5,,0.0
2022-06-05,07:32:00.000,6.943930202396587E-5,,0.0
2022-06-05,07:33:00.000,6.943930202396587E-5,,0.0
2022-06-05,07:34:00.000,6.943930202396587E-5,,0.0
2022-06-05,07:35:00.000,6.943930202396587E-5,,0.0
2022-06-05,07:36:00.000,6.943930202396587E-5,,0.0
2022-06-05,07:37:00.000,6.943930202396587E-5,,0.0
2022-06-05,07:38:00.000,6.943930202396587E-5,,0.0
2022-06-05,07:39:00.000,6.943930202396587E-5,,0.0
2022-06-05,07:40:00.000,6.943930202396587E-5,,0.0
2022-06-05,07:41:00.000,6.943930202396587E-5,,0.0
2022-06-05,07:42:00.000,6.943930202396587E-5,,0.0
2022-06-05,07:43:00.000,6.943930202396587E-5,,0.0
2022-06-05,07:44:00.000,6.943930202396587E-5,,0.0
2022-06-05,07:45:00.000,6.943930202396587E-5,,0.0
2022-06-05,07:46:00.000,6.943930202396587E-5,,0.0
2022-06-05,07:47:00.000,6.943930202396587E-5,,0.0
2022-06-05,07:48:00.000,6.943930202396587E-5,,0.0
2022-06-05,07:49:00.000,6.943930202396587E-5,,0.0
2022-06-05,07:50:00.000,6.943930202396587E-5,,0.0
2022-06-05,07:51:00.000,6.943930202396587E-5,,0.0
2022-06-05,07:52:00.000,6.943930202396587E-5,,0.0
2022-06-05,07:53:00.000,6.943930202396587E-5,,0.0
2022-06-05,07:54:00.000,6.943930202396587E-5,,0.0
2022-06-05,07:55:00.000,6.943930202396587E-5,,0.0
2022-06-05,07:56:00.000,6.943930202396587E-5,,0.0
2022-06-05,07:57:00.000,6.943930202396587E-5,,0.0
2022-06-05,07:58:00.000,6.943930202396587E-5,,0.0
2022-06-05,07:59:00.000,6.943930202396587E-5,,0.0
2022-06-05,08:00:00.000,6.943930202396587E-5,,0.0
2022-06-05,08:01:00.000,6.943930202396587E-5,,0.0
2022-06-05,08:02:00.000,6.943930202396587E-5,,0.0
2022-06-05,08:03:00.000,6.943930202396587E-5,,0.0
2022-06-05,08:04:00.000,6.943930202396587E-5,,0.0
2022-06-05,08:05:00.000,6.943930202396587E-5,,0.0
2022-06-05,08:06:00.000,6.943930202396587E-5,,0.0
2022-06-05,08:07:00.000,6.943930202396587E-5,,0.0
2022-06-05,08:08:00.000,6.943930202396587E-5,,0.0
2022-06-05,08:09:00.000,6.943930202396587E-5,,0.0
2022-06-05,08:10:00.000,6.943930202396587E-5,,0.0
2022-06-05,08:11:00.000,6.943930202396587E-5,,0.0
2022-06-05,08:12:00.000,6.943930202396587E-5,,0.0
2022-06-05,08:13:00.000,6.943930202396587E-5,,0.0
2022-06-05,08:14:00.000,6.943930202396587E-5,,0.0
2022-06-05,08:15:00.000,6.943930202396587E-5,,0.0
2022-06-05,08:16:00.000,6.943930202396587E-5,,0.0
2022-06-05,08:17:00.000,6.943930202396587E-5,,0.0
2022-06-05,08:18:00.000,6.943930202396587E-5,,0.0
2022-06-05,08:19:00.000,6.943930202396587E-5,,0.0
2022-06-05,08:20:00.000,6.943930202396587E-5,,0.0
2022-06-05,08:21:00.000,6.943930202396587E-5,,0.0
2022-06-05,08:22:00.000,6.943930202396587E-5,,0.0
2022-06-05,08:23:00.000,6.943930202396587E-5,,0.0
2022-06-05,08:24:00.000,6.943930202396587E-5,,0.0
2022-06-05,08:25:00.000,6.943930202396587E-5,,0.0
2022-06-05,08:26:00.000,6.943930202396587E-5,,0.0
2022-06-05,08:27:00.000,6.943930202396587E-5,,0.0
2022-06-05,08:28:00.000,6.943930202396587E-5,,0.0
2022-06-05,08:29:00.000,6.943930202396587E-5,,0.0
2022-06-05,08:30:00.000,6.943930202396587E-5,,0.0
2022-06-05,08:31:00.000,6.943930202396587E-5,,0.0
2022-06-05,08:32:00.000,6.943930202396587E-5,,0.0
2022-06-05,08:33:00.000,6.943930202396587E-5,,0.0
2022-06-05,08:34:00.000,6.943930202396587E-5,,0.0
2022-06-05,08:35:00.000,6.943930202396587E-5,,0.0
2022-06-05,08:36:00.000,6.943930202396587E-5,,0.0
2022-06-05,08:37:00.000,6.943930202396587E-5,,0.0
2022-06-05,08:38:00.000,6.943930202396587E-5,,0.0
2022-06-05,08:39:00.000,6.943930202396587E-5,,0.0
2022-06-05,08:40:00.000,6.943930202396587E-5,,0.0
2022-06-05,08:41:00.000,6.943930202396587E-5,,0.0
2022-06-05,08:42:00.000,6.943930202396587E-5,,0.0
2022-06-05,08:43:00.000,6.943930202396587E-5,,0.0
2022-06-05,08:44:00.000,6.943930202396587E-5,,0.0
2022-06-05,08:45:00.000,6.943930202396587E-5,,0.0
2022-06-05,08:46:00.000,6.943930202396587E-5,,0.0
2022-06-05,08:47:00.000,6.943930202396587E-5,,0.0
2022-06-05,08:48:00.000,6.943930202396587E-5,,0.0
2022-06-05,08:49:00.000,6.943930202396587E-5,,0.0
2022-06-05,08:50:00.000,6.943930202396587E-5,,0.0
2022-06-05,08:51:00.000,6.943930202396587E-5,,0.0
2022-06-05,08:52:00.000,6.943930202396587E-5,,0.0
2022-06-05,08:53:00.000,6.943930202396587E-5,,0.0
2022-06-05,08:54:00.000,6.943930202396587E-5,,0.0
2022-06-05,08:55:00.000,6.943930202396587E-5,,0.0
2022-06-05,08:56:00.000,6.943930202396587E-5,,0.0
2022-06-05,08:57:00.000,6.943930202396587E-5,,0.0
2022-06-05,08:58:00.000,6.943930202396587E-5,,0.0
2022-06-05,08:59:00.000,6.943930202396587E-5,,0.0
2022-06-05,09:00:00.000,6.943930202396587E-5,,0.0
2022-06-05,09:01:00.000,6.943930202396587E-5,,0.0
2022-06-05,09:02:00.000,6.943930202396587E-5,,0.0
2022-06-05,09:03:00.000,6.943930202396587E-5,,0.0
2022-06-05,09:04:00.000,6.943930202396587E-5,,0.0
2022-06-05,09:05:00.000,6.943930202396587E-5,,0.0
2022-06-05,09:06:00.000,6.943930202396587E-5,,0.0
2022-06-05,09:07:00.000,6.943930202396587E-5,,0.0
2022-06-05,09:08:00.000,6.943930202396587E-5,,0.0
2022-06-05,09:09:00.000,6.943930202396587E-5,,0.0
2022-06-05,09:10:00.000,6.943930202396587E-5,,0.0
2022-06-05,09:11:00.000,6.943930202396587E-5,,0.0
2022-06-05,09:12:00.000,6.943930202396587E-5,,0.0
2022-06-05,09:13:00.000,6.943930202396587E-5,,0.0
2022-06-05,09:14:00.000,6.943930202396587E-5,,0.0
2022-06-05,09:15:00.000,6.943930202396587E-5,,0.0
2022-06-05,09:16:00.000,6.943930202396587E-5,,0.0
2022-06-05,09:17:00.000,6.943930202396587E-5,,0.0
2022-06-05,09:18:00.000,6.943930202396587E-5,,0.0
2022-06-05,09:19:00.000,6.943930202396587E-5,,0.0
2022-06-05,09:20:00.000,6.943930202396587E-5,,0.0
2022-06-05,09:21:00.000,6.943930202396587E-5,,0.0
2022-06-05,09:22:00.000,6.943930202396587E-5,,0.0
2022-06-05,09:23:00.000,6.943930202396587E-5,,0.0
2022-06-05,09:24:00.000,6.943930202396587E-5,,0.0
2022-06-05,09:25:00.000,6.943930202396587E-5,,0.0
2022-06-05,09:26:00.000,6.943930202396587E-5,,0.0
2022-06-05,09:27:00.000,6.943930202396587E-5,,0.0
2022-06-05,09:28:00.000,6.943930202396587E-5,,0.0
2022-06-05,09:29:00.000,6.943930202396587E-5,,0.0
2022-06-05,09:30:00.000,6.943930202396587E-5,,0.0
2022-06-05,09:31:00.000,6.943930202396587E-5,,0.0
2022-06-05,09:32:00.000,6.943930202396587E-5,,0.0
2022-06-05,09:33:00.000,6.943930202396587E-5,,0.0
2022-06-05,09:34:00.000,6.943930202396587E-5,,0.0
2022-06-05,09:35:00.000,6.943930202396587E-5,,0.0
2022-06-05,09:36:00.000,6.943930202396587E-5,,0.0
2022-06-05,09:37:00.000,6.943930202396587E-5,,0.0
2022-06-05,09:38:00.000,6.943930202396587E-5,,0.0
2022-06-05,09:39:00.000,6.943930202396587E-5,,0.0
2022-06-05,09:40:00.000,6.943930202396587E-5,,0.0
2022-06-05,09:41:00.000,6.943930202396587E-5,,0.0
2022-06-05,09:42:00.000,6.943930202396587E-5,,0.0
2022-06-05,09:43:00.000,6.943930202396587E-5,,0.0
2022-06-05,09:44:00.000,6.943930202396587E-5,,0.0
2022-06-05,09:45:00.000,6.943930202396587E-5,,0.0
2022-06-05,09:46:00.000,6.943930202396587E-5,,0.0
2022-06-05,09:47:00.000,6.943930202396587E-5,,0.0
2022-06-05,09:48:00.000,6.943930202396587E-5,,0.0
2022-06-05,09:49:00.000,6.943930202396587E-5,,0.0
2022-06-05,09:50:00.000,6.943930202396587E-5,,0.0
2022-06-05,09:51:00.000,6.943930202396587E-5,,0.0
2022-06-05,09:52:00.000,6.943930202396587E-5,,0.0
2022-06-05,09:53:00.000,6.943930202396587E-5,,0.0
2022-06-05,09:54:00.000,6.943930202396587E-5,,0.0
2022-06-05,09:55:00.000,6.943930202396587E-5,,0.0
2022-06-05,09:56:00.000,6.943930202396587E-5,,0.0
2022-06-05,09:57:00.000,6.943930202396587E-5,,0.0
2022-06-05,09:58:00.000,6.943930202396587E-5,,0.0
2022-06-05,09:59:00.000,6.943930202396587E-5,,0.0
2022-06-05,10:00:00.000,6.943930202396587E-5,,0.0
2022-06-05,10:01:00.000,6.943930202396587E-5,,0.0
2022-06-05,10:02:00.000,6.943930202396587E-5,,0.0
2022-06-05,10:03:00.000,6.943930202396587E-5,,0.0
2022-06-05,10:04:00.000,6.943930202396587E-5,,0.0
2022-06-05,10:05:00.000,6.943930202396587E-5,,0.0
2022-06-05,10:06:00.000,6.943930202396587E-5,,0.0
2022-06-05,10:07:00.000,6.943930202396587E-5,,0.0
2022-06-05,10:08:00.000,6.943930202396587E-5,,0.0
2022-06-05,10:09:00.000,6.943930202396587E-5,,0.0
2022-06-05,10:10:00.000,6.943930202396587E-5,,0.0
2022-06-05,10:11:00.000,6.943930202396587E-5,,0.0
2022-06-05,10:12:00.000,6.943930202396587E-5,,0.0
2022-06-05,10:13:00.000,6.943930202396587E-5,,0.0
2022-06-05,10:14:00.000,6.943930202396587E-5,,0.0
2022-06-05,10:15:00.000,6.943930202396587E-5,,0.0
2022-06-05,10:16:00.000,6.943930202396587E-5,,0.0
2022-06-05,10:17:00.000,6.943930202396587E-5,,0.0
2022-06-05,10:18:00.000,6.943930202396587E-5,,0.0
2022-06-05,10:19:00.000,6.943930202396587E-5,,0.0
2022-06-05,10:20:00.000,6.943930202396587E-5,,0.0
2022-06-05,10:21:00.000,6.943930202396587E-5,,0.0
2022-06-05,10:22:00.000,6.943930202396587E-5,,0.0
2022-06-05,10:23:00.000,6.943930202396587E-5,,0.0
2022-06-05,10:24:00.000,6.943930202396587E-5,,0.0
2022-06-05,10:25:00.000,6.943930202396587E-5,,0.0
2022-06-05,10:26:00.000,6.943930202396587E-5,,0.0
2022-06-05,10:27:00.000,6.943930202396587E-5,,0.0
2022-06-05,10:28:00.000,6.943930202396587E-5,,0.0
2022-06-05,10:29:00.000,6.943930202396587E-5,,0.0
2022-06-05,10:30:00.000,6.943930202396587E-5,,0.0
2022-06-05,10:31:00.000,6.943930202396587E-5,,0.0
2022-06-05,10:32:00.000,6.943930202396587E-5,,0.0
2022-06-05,10:33:00.000,6.943930202396587E-5,,0.0
2022-06-05,10:34:00.000,6.943930202396587E-5,,0.0
2022-06-05,10:35:00.000,6.943930202396587E-5,,0.0
2022-06-05,10:36:00.000,6.943930202396587E-5,,0.0
2022-06-05,10:37:00.000,6.943930202396587E-5,,0.0
2022-06-05,10:38:00.000,6.943930202396587E-5,,0.0
2022-06-05,10:39:00.000,6.943930202396587E-5,,0.0
2022-06-05,10:40:00.000,6.943930202396587E-5,,0.0
2022-06-05,10:41:00.000,6.943930202396587E-5,,0.0
2022-06-05,10:42:00.000,6.943930202396587E-5,,0.0
2022-06-05,10:43:00.000,6.943930202396587E-5,,0.0
2022-06-05,10:44:00.000,6.943930202396587E-5,,0.0
2022-06-05,10:45:00.000,6.943930202396587E-5,,0.0
2022-06-05,10:46:00.000,6.943930202396587E-5,,0.0
2022-06-05,10:47:00.000,6.943930202396587E-5,,0.0
2022-06-05,10:48:00.000,6.943930202396587E-5,,0.0
2022-06-05,10:49:00.000,6.943930202396587E-5,,0.0
2022-06-05,10:50:00.000,6.943930202396587E-5,,0.0
2022-06-05,10:51:00.000,6.943930202396587E-5,,0.0
2022-06-05,10:52:00.000,6.943930202396587E-5,,0.0
2022-06-05,10:53:00.000,6.943930202396587E-5,,0.0
2022-06-05,10:54:00.000,6.943930202396587E-5,,0.0
2022-06-05,10:55:00.000,6.943930202396587E-5,,0.0
2022-06-05,10:56:00.000,6.943930202396587E-5,,0.0
2022-06-05,10:57:00.000,6.943930202396587E-5,,0.0
2022-06-05,10:58:00.000,6.943930202396587E-5,,0.0
2022-06-05,10:59:00.000,6.943930202396587E-5,,0.0
2022-06-05,11:00:00.000,6.943930202396587E-5,,0.0
2022-06-05,11:01:00.000,6.943930202396587E-5,,0.0
2022-06-05,11:02:00.000,6.943930202396587E-5,,0.0
2022-06-05,11:03:00.000,6.943930202396587E-5,,0.0
2022-06-05,11:04:00.000,6.943930202396587E-5,,0.0
2022-06-05,11:05:00.000,6.943930202396587E-5,,0.0
2022-06-05,11:06:00.000,6.943930202396587E-5,,0.0
2022-06-05,11:07:00.000,6.943930202396587E-5,,0.0
2022-06-05,11:08:00.000,6.943930202396587E-5,,0.0
2022-06-05,11:09:00.000,6.943930202396587E-5,,0.0
2022-06-05,11:10:00.000,6.943930202396587E-5,,0.0
2022-06-05,11:11:00.000,6.943930202396587E-5,,0.0
2022-06-05,11:12:00.000,6.943930202396587E-5,,0.0
2022-06-05,11:13:00.000,6.943930202396587E-5,,0.0
2022-06-05,11:14:00.000,6.943930202396587E-5,,0.0
2022-06-05,11:15:00.000,6.943930202396587E-5,,0.0
2022-06-05,11:16:00.000,6.943930202396587E-5,,0.0
2022-06-05,11:17:00.000,6.943930202396587E-5,,0.0
2022-06-05,11:18:00.000,6.943930202396587E-5,,0.0
2022-06-05,11:19:00.000,6.943930202396587E-5,,0.0
2022-06-05,11:20:00.000,6.943930202396587E-5,,0.0
2022-06-05,11:21:00.000,6.943930202396587E-5,,0.0
2022-06-05,11:22:00.000,6.943930202396587E-5,,0.0
2022-06-05,11:23:00.000,6.943930202396587E-5,,0.0
2022-06-05,11:24:00.000,6.943930202396587E-5,,0.0
2022-06-05,11:25:00.000,6.943930202396587E-5,,0.0
2022-06-05,11:26:00.000,6.943930202396587E-5,,0.0
2022-06-05,11:27:00.000,6.943930202396587E-5,,0.0
2022-06-05,11:28:00.000,6.943930202396587E-5,,0.0
2022-06-05,11:29:00.000,6.943930202396587E-5,,0.0
2022-06-05,11:30:00.000,6.943930202396587E-5,,0.0
2022-06-05,11:31:00.000,6.943930202396587E-5,,0.0
2022-06-05,11:32:00.000,6.943930202396587E-5,,0.0
2022-06-05,11:33:00.000,6.943930202396587E-5,,0.0
2022-06-05,11:34:00.000,6.943930202396587E-5,,0.0
2022-06-05,11:35:00.000,6.943930202396587E-5,,0.0
2022-06-05,11:36:00.000,6.943930202396587E-5,,0.0
2022-06-05,11:37:00.000,6.943930202396587E-5,,0.0
2022-06-05,11:38:00.000,6.943930202396587E-5,,0.0
2022-06-05,11:39:00.000,6.943930202396587E-5,,0.0
2022-06-05,11:40:00.000,6.943930202396587E-5,,0.0
2022-06-05,11:41:00.000,6.943930202396587E-5,,0.0
2022-06-05,11:42:00.000,6.943930202396587E-5,,0.0
2022-06-05,11:43:00.000,6.943930202396587E-5,,0.0
2022-06-05,11:44:00.000,6.943930202396587E-5,,0.0
2022-06-05,11:45:00.000,6.943930202396587E-5,,0.0
2022-06-05,11:46:00.000,6.943930202396587E-5,,0.0
2022-06-05,11:47:00.000,6.943930202396587E-5,,0.0
2022-06-05,11:48:00.000,6.943930202396587E-5,,0.0
2022-06-05,11:49:00.000,6.943930202396587E-5,,0.0
2022-06-05,11:50:00.000,6.943930202396587E-5,,0.0
2022-06-05,11:51:00.000,6.943930202396587E-5,,0.0
2022-06-05,11:52:00.000,6.943930202396587E-5,,0.0
2022-06-05,11:53:00.000,6.943930202396587E-5,,0.0
2022-06-05,11:54:00.000,6.943930202396587E-5,,0.0
2022-06-05,11:55:00.000,6.943930202396587E-5,,0.0
2022-06-05,11:56:00.000,6.943930202396587E-5,,0.0
2022-06-05,11:57:00.000,6.943930202396587E-5,,0.0
2022-06-05,11:58:00.000,6.943930202396587E-5,,0.0
2022-06-05,11:59:00.000,6.943930202396587E-5,,0.0
2022-06-05,12:00:00.000,6.943930202396587E-5,,0.0
2022-06-05,12:01:00.000,6.943930202396587E-5,,0.0
2022-06-05,12:02:00.000,6.943930202396587E-5,,0.0
2022-06-05,12:03:00.000,6.943930202396587E-5,,0.0
2022-06-05,12:04:00.000,6.943930202396587E-5,,0.0
2022-06-05,12:05:00.000,6.943930202396587E-5,,0.0
2022-06-05,12:06:00.000,6.943930202396587E-5,,0.0
2022-06-05,12:07:00.000,6.943930202396587E-5,,0.0
2022-06-05,12:08:00.000,6.943930202396587E-5,,0.0
2022-06-05,12:09:00.000,6.943930202396587E-5,,0.0
2022-06-05,12:10:00.000,6.943930202396587E-5,,0.0
2022-06-05,12:11:00.000,6.943930202396587E-5,,0.0
2022-06-05,12:12:00.000,6.943930202396587E-5,,0.0
2022-06-05,12:13:00.000,6.943930202396587E-5,,0.0
2022-06-05,12:14:00.000,6.943930202396587E-5,,0.0
2022-06-05,12:15:00.000,6.943930202396587E-5,,0.0
2022-06-05,12:16:00.000,6.943930202396587E-5,,0.0
2022-06-05,12:17:00.000,6.943930202396587E-5,,0.0
2022-06-05,12:18:00.000,6.943930202396587E-5,,0.0
2022-06-05,12:19:00.000,6.943930202396587E-5,,0.0
2022-06-05,12:20:00.000,6.943930202396587E-5,,0.0
2022-06-05,12:21:00.000,6.943930202396587E-5,,0.0
2022-06-05,12:22:00.000,6.943930202396587E-5,,0.0
2022-06-05,12:23:00.000,6.943930202396587E-5,,0.0
2022-06-05,12:24:00.000,6.943930202396587E-5,,0.0
2022-06-05,12:25:00.000,6.943930202396587E-5,,0.0
2022-06-05,12:26:00.000,6.943930202396587E-5,,0.0
2022-06-05,12:27:00.000,6.943930202396587E-5,,0.0
2022-06-05,12:28:00.000,6.943930202396587E-5,,0.0
2022-06-05,12:29:00.000,6.943930202396587E-5,,0.0
2022-06-05,12:30:00.000,6.943930202396587E-5,,0.0
2022-06-05,12:31:00.000,6.943930202396587E-5,,0.0
2022-06-05,12:32:00.000,6.943930202396587E-5,,0.0
2022-06-05,12:33:00.000,6.943930202396587E-5,,0.0
2022-06-05,12:34:00.000,6.943930202396587E-5,,0.0
2022-06-05,12:35:00.000,6.943930202396587E-5,,0.0
2022-06-05,12:36:00.000,6.943930202396587E-5,,0.0
2022-06-05,12:37:00.000,6.943930202396587E-5,,0.0
2022-06-05,12:38:00.000,6.943930202396587E-5,,0.0
2022-06-05,12:39:00.000,6.943930202396587E-5,,0.0
2022-06-05,12:40:00.000,6.943930202396587E-5,,0.0
2022-06-05,12:41:00.000,6.943930202396587E-5,,0.0
2022-06-05,12:42:00.000,6.943930202396587E-5,,0.0
2022-06-05,12:43:00.000,6.943930202396587E-5,,0.0
2022-06-05,12:44:00.000,6.943930202396587E-5,,0.0
2022-06-05,12:45:00.000,6.943930202396587E-5,,0.0
2022-06-05,12:46:00.000,6.943930202396587E-5,,0.0
2022-06-05,12:47:00.000,6.943930202396587E-5,,0.0
2022-06-05,12:48:00.000,6.943930202396587E-5,,0.0
2022-06-05,12:49:00.000,6.943930202396587E-5,,0.0
2022-06-05,12:50:00.000,6.943930202396587E-5,,0.0
2022-06-05,12:51:00.000,6.943930202396587E-5,,0.0
2022-06-05,12:52:00.000,6.943930202396587E-5,,0.0
2022-06-05,12:53:00.000,6.943930202396587E-5,,0.0
2022-06-05,12:54:00.000,6.943930202396587E-5,,0.0
2022-06-05,12:55:00.000,6.943930202396587E-5,,0.0
2022-06-05,12:56:00.000,6.943930202396587E-5,,0.0
2022-06-05,12:57:00.000,6.943930202396587E-5,,0.0
2022-06-05,12:58:00.000,6.943930202396587E-5,,0.0
2022-06-05,12:59:00.000,6.943930202396587E-5,,0.0
2022-06-05,13:00:00.000,6.943930202396587E-5,,0.0
2022-06-05,13:01:00.000,6.943930202396587E-5,,0.0
2022-06-05,13:02:00.000,6.943930202396587E-5,,0.0
2022-06-05,13:03:00.000,6.943930202396587E-5,,0.0
2022-06-05,13:04:00.000,6.943930202396587E-5,,0.0
2022-06-05,13:05:00.000,6.943930202396587E-5,,0.0
2022-06-05,13:06:00.000,6.943930202396587E-5,,0.0
2022-06-05,13:07:00.000,6.943930202396587E-5,,0.0
2022-06-05,13:08:00.000,6.943930202396587E-5,,0.0
2022-06-05,13:09:00.000,6.943930202396587E-5,,0.0
2022-06-05,13:10:00.000,6.943930202396587E-5,,0.0
2022-06-05,13:11:00.000,6.943930202396587E-5,,0.0
2022-06-05,13:12:00.000,6.943930202396587E-5,,0.0
2022-06-05,13:13:00.000,6.943930202396587E-5,,0.0
2022-06-05,13:14:00.000,6.943930202396587E-5,,0.0
2022-06-05,13:15:00.000,6.943930202396587E-5,,0.0
2022-06-05,13:16:00.000,6.943930202396587E-5,,0.0
2022-06-05,13:17:00.000,6.943930202396587E-5,,0.0
2022-06-05,13:18:00.000,6.943930202396587E-5,,0.0
2022-06-05,13:19:00.000,6.943930202396587E-5,,0.0
2022-06-05,13:20:00.000,6.943930202396587E-5,,0.0
2022-06-05,13:21:00.000,6.943930202396587E-5,,0.0
2022-06-05,13:22:00.000,6.943930202396587E-5,,0.0
2022-06-05,13:23:00.000,6.943930202396587E-5,,0.0
2022-06-05,13:24:00.000,6.943930202396587E-5,,0.0
2022-06-05,13:25:00.000,6.943930202396587E-5,,0.0
2022-06-05,13:26:00.000,6.943930202396587E-5,,0.0
2022-06-05,13:27:00.000,6.943930202396587E-5,,0.0
2022-06-05,13:28:00.000,6.943930202396587E-5,,0.0
2022-06-05,13:29:00.000,6.943930202396587E-5,,0.0
2022-06-05,13:30:00.000,6.943930202396587E-5,,0.0
2022-06-05,13:31:00.000,6.943930202396587E-5,,0.0
2022-06-05,13:32:00.000,6.943930202396587E-5,,0.0
2022-06-05,13:33:00.000,6.943930202396587E-5,,0.0
2022-06-05,13:34:00.000,6.943930202396587E-5,,0.0
2022-06-05,13:35:00.000,6.943930202396587E-5,,0.0
2022-06-05,13:36:00.000,6.943930202396587E-5,,0.0
2022-06-05,13:37:00.000,6.943930202396587E-5,,0.0
2022-06-05,13:38:00.000,6.943930202396587E-5,,0.0
2022-06-05,13:39:00.000,6.943930202396587E-5,,0.0
2022-06-05,13:40:00.000,6.943930202396587E-5,,0.0
2022-06-05,13:41:00.000,6.943930202396587E-5,,0.0
2022-06-05,13:42:00.000,6.943930202396587E-5,,0.0
2022-06-05,13:43:00.000,6.943930202396587E-5,,0.0
2022-06-05,13:44:00.000,6.943930202396587E-5,,0.0
2022-06-05,13:45:00.000,6.943930202396587E-5,,0.0
2022-06-05,13:46:00.000,6.943930202396587E-5,,0.0
2022-06-05,13:47:00.000,6.943930202396587E-5,,0.0
2022-06-05,13:48:00.000,6.943930202396587E-5,,0.0
2022-06-05,13:49:00.000,6.943930202396587E-5,,0.0
2022-06-05,13:50:00.000,6.943930202396587E-5,,0.0
2022-06-05,13:51:00.000,6.943930202396587E-5,,0.0
2022-06-05,13:52:00.000,6.943930202396587E-5,,0.0
2022-06-05,13:53:00.000,6.943930202396587E-5,,0.0
2022-06-05,13:54:00.000,6.943930202396587E-5,,0.0
2022-06-05,13:55:00.000,6.943930202396587E-5,,0.0
2022-06-05,13:56:00.000,6.943930202396587E-5,,0.0
2022-06-05,13:57:00.000,6.943930202396587E-5,,0.0
2022-06-05,13:58:00.000,6.943930202396587E-5,,0.0
2022-06-05,13:59:00.000,6.943930202396587E-5,,0.0
2022-06-05,14:00:00.000,6.943930202396587E-5,,0.0
2022-06-05,14:01:00.000,6.943930202396587E-5,,0.0
2022-06-05,14:02:00.000,6.943930202396587E-5,,0.0
2022-06-05,14:03:00.000,6.943930202396587E-5,,0.0
2022-06-05,14:04:00.000,6.943930202396587E-5,,0.0
2022-06-05,14:05:00.000,6.943930202396587E-5,,0.0
2022-06-05,14:06:00.000,6.943930202396587E-5,,0.0
2022-06-05,14:07:00.000,6.943930202396587E-5,,0.0
2022-06-05,14:08:00.000,6.943930202396587E-5,,0.0
2022-06-05,14:09:00.000,6.943930202396587E-5,,0.0
2022-06-05,14:10:00.000,6.943930202396587E-5,,0.0
2022-06-05,14:11:00.000,6.943930202396587E-5,,0.0
2022-06-05,14:12:00.000,6.943930202396587E-5,,0.0
2022-06-05,14:13:00.000,6.943930202396587E-5,,0.0
2022-06-05,14:14:00.000,6.943930202396587E-5,,0.0
2022-06-05,14:15:00.000,6.943930202396587E-5,,0.0
2022-06-05,14:16:00.000,6.943930202396587E-5,,0.0
2022-06-05,14:17:00.000,6.943930202396587E-5,,0.0
2022-06-05,14:18:00.000,6.943930202396587E-5,,0.0
2022-06-05,14:19:00.000,6.943930202396587E-5,,0.0
2022-06-05,14:20:00.000,6.943930202396587E-5,,0.0
2022-06-05,14:21:00.000,6.943930202396587E-5,,0.0
2022-06-05,14:22:00.000,6.943930202396587E-5,,0.0
2022-06-05,14:23:00.000,7.885722859661769E-5,,0.0
2022-06-05,14:24:00.000,1.087679097753603E-4,,0.0
2022-06-05,14:25:00.000,1.3939110788432796E-4,,0.0
2022-06-05,14:26:00.000,1.7001430599329563E-4,,0.0
2022-06-05,14:27:00.000,2.0063750410226325E-4,,0.0
2022-06-05,14:28:00.000,2.3126070221123093E-4,,0.0
2022-06-05,14:29:00.000,2.618839003201986E-4,,0.0
2022-06-05,14:30:00.000,2.925070984291662E-4,,0.0
2022-06-05,14:31:00.000,3.231302965381339E-4,,0.0
2022-06-05,14:32:00.000,3.5375349464710154E-4,,0.0
2022-06-05,14:33:00.000,3.843766927560692E-4,,0.0
2022-06-05,14:34:00.000,4.149998908650369E-4,,0.0
2022-06-05,14:35:00.000,4.4562308897400446E-4,,0.0
2022-06-05,14:36:00.000,4.762462870829722E-4,,0.0
2022-06-05,14:37:00.000,5.068694851919399E-4,,0.0
2022-06-05,14:38:00.000,5.374926833009074E-4,,0.0
2022-06-05,14:39:00.000,5.68115881409875E-4,,0.0
2022-06-05,14:40:00.000,5.987390795188428E-4,,0.0
2022-06-05,14:41:00.000,6.293622776278105E-4,,0.0
2022-06-05,14:42:00.000,6.59985475736778E-4,,0.0
2022-06-05,14:43:00.000,6.906086738457458E-4,,0.0
2022-06-05,14:44:00.000,7.212318719547135E-4,,0.0
2022-06-05,14:45:00.000,7.51855070063681E-4,,0.0
2022-06-05,14:46:00.000,7.824782681726488E-4,,0.0
2022-06-05,14:47:00.000,8.131014662816164E-4,,0.0
2022-06-05,14:48:00.000,8.437246643905839E-4,,0.0
2022-06-05,14:49:00.000,8.743478624995515E-4,,0.0
2022-06-05,14:50:00.000,9.049710606085194E-4,,0.0
2022-06-05,14:51:00.000,9.35594258717487E-4,,0.0
2022-06-05,14:52:00.000,9.662174568264547E-4,,0.0
2022-06-05,14:53:00.000,9.968406549354222E-4,,0.0
2022-06-05,14:54:00.000,0.00102746385304439,,0.0
2022-06-05,14:55:00.000,0.0010580870511533575,,0.0
2022-06-05,14:56:00.000,0.001088710249262325,,0.0
2022-06-05,14:57:00.000,0.001119333447371293,,0.0
2022-06-05,14:58:00.000,0.0011499566454802608,,0.0
2022-06-05,14:59:00.000,0.0011805798435892282,,0.0
2022-06-05,15:00:00.000,0.0012112030416981958,,0.0
2022-06-05,15:01:00.000,0.0012418262398071636,,0.0
2022-06-05,15:02:00.000,0.001272449437916131,,0.0
2022-06-05,15:03:00.000,0.0013030726360250989,,0.0
2022-06-05,15:04:00.000,10.644125558070028,,0.0
2022-06-05,15:05:00.000,15.920722483358194,,0.0
2022-06-05,15:06:00.000,15.745463879628964,,0.0
2022-06-05,15:07:00.000,15.821933817270576,,0.0
2022-06-05,15:08:00.000,15.798826166770912,,0.0
2022-06-05,15:09:00.000,15.803045939689197,,0.0
2022-06-05,15:10:00.000,15.788481912749829,,0.0
2022-06-05,15:11:00.000,15.80414529298732,,0.0
2022-06-05,15:12:00.000,15.773674331133385,,0.0
2022-06-05,15:13:00.000,15.793459106340094,,0.0
2022-06-05,15:14:00.000,15.783638625614795,,0.0
2022-06-05,15:15:00.000,15.777831829926441,,0.0
2022-06-05,15:16:00.000,15.794036998441328,,0.0
2022-06-05,15:17:00.000,15.785544333087552,,0.0
2022-06-05,15:18:00.000,15.797273876324615,,0.0
2022-06-05,15:19:00.000,15.790420659496125,,0.0
2022-06-05,15:20:00.000,15.764983400790781,,0.0
2022-06-05,15:21:00.000,15.7875620009801,,0.0
2022-06-05,15:22:00.000,15.782462598648861,,0.0
2022-06-05,15:23:00.000,15.772572528703677,,0.0
2022-06-05,15:24:00.000,15.776438635603725,,0.0
2022-06-05,15:25:00.000,15.785754617056558,,0.0
2022-06-05,15:26:00.000,15.783720863329545,,0.0
2022-06-05,15:27:00.000,15.787416463639394,,0.0
2022-06-05,15:28:00.000,15.79859353385409,,0.0
2022-06-05,15:29:00.000,15.777785467732024,,0.0
2022-06-05,15:30:00.000,15.786880800336302,,0.0
2022-06-05,15:31:00.000,15.77377459183107,,0.0
2022-06-05,15:32:00.000,15.786502930344446,,0.0
2022-06-05,15:33:00.000,15.788494237660629,,0.0
2022-06-05,15:34:00.000,15.801688511496435,,0.0
2022-06-05,15:35:00.000,15.766337326392108,,0.0
2022-06-05,15:36:00.000,15.803263659861415,,0.0
2022-06-05,15:37:00.000,15.787331585392565,,0.0
2022-06-05,15:38:00.000,15.790831682637243,,0.0
2022-06-05,15:39:00.000,15.789762168272802,,0.0
2022-06-05,15:40:00.000,15.78428146692948,,0.0
2022-06-05,15:41:00.000,15.783640139652185,,0.0
2022-06-05,15:42:00.000,15.792680417143169,,0.0
2022-06-05,15:43:00.000,15.773778035081488,,0.0
2022-06-05,15:44:00.000,15.780881025659072,,0.0
2022-06-05,15:45:00.000,15.79287233578401,,0.0
2022-06-05,15:46:00.000,15.789072722649498,,0.0
2022-06-05,15:47:00.000,15.803287364833823,,0.0
2022-06-05,15:48:00.000,15.774982199818984,,0.0
2022-06-05,15:49:00.000,15.78392257974933,,0.0
2022-06-05,15:50:00.000,15.782464228640151,,0.0
2022-06-05,15:51:00.000,15.793065753144276,,0.0
2022-06-05,15:52:00.000,15.772658329805243,,0.0
2022-06-05,15:53:00.000,15.795770983456695,,0.0
2022-06-05,15:54:00.000,15.784636478671516,,0.0
2022-06-05,15:55:00.000,15.784794424804186,,0.0
2022-06-05,15:56:00.000,15.809001043814215,,0.0
2022-06-05,15:57:00.000,15.789529936939472,,0.0
2022-06-05,15:58:00.000,15.784323066876814,,0.0
2022-06-05,15:59:00.000,15.787247267429926,,0.0
2022-06-05,16:00:00.000,15.793794496029932,,0.0
2022-06-05,16:01:00.000,15.786256441062552,,0.0
2022-06-05,16:02:00.000,15.797586638533275,,0.0
2022-06-05,16:03:00.000,15.790675726727665,,0.0
2022-06-05,16:04:00.000,15.789583503323659,,0.0
2022-06-05,16:05:00.000,15.786092616628718,,0.0
2022-06-05,16:06:00.000,15.785860011310014,,0.0
2022-06-05,16:07:00.000,15.791199066545047,,0.0
2022-06-05,16:08:00.000,15.79520883613457,,0.0
2022-06-05,16:09:00.000,15.780456263078733,,0.0
2022-06-05,16:10:00.000,15.792077258984522,,0.0
2022-06-05,16:11:00.000,15.778469580551588,,0.0
2022-06-05,16:12:00.000,15.789359302739111,,0.0
2022-06-05,16:13:00.000,15.794863003993225,,0.0
2022-06-05,16:14:00.000,15.759794111187396,,0.0
2022-06-05,16:15:00.000,15.805137517833854,,0.0
2022-06-05,16:16:00.000,15.779720361378937,,0.0
2022-06-05,16:17:00.000,15.80251177100299,,0.0
2022-06-05,16:18:00.000,15.762313766247132,,0.0
2022-06-05,16:19:00.000,15.786925299567615,,0.0
2022-06-05,16:20:00.000,15.781866207116645,,0.0
2022-06-05,16:21:00.000,15.78299425081265,,0.0
2022-06-05,16:22:00.000,15.784837356730431,,0.0
2022-06-05,16:23:00.000,15.771114963070698,,0.0
2022-06-05,16:24:00.000,15.791676170518969,,0.0
2022-06-05,16:25:00.000,15.779416673760176,,0.0
2022-06-05,16:26:00.000,15.789030347628232,,0.0
2022-06-05,16:27:00.000,15.787754592513547,,0.0
2022-06-05,16:28:00.000,15.79869128988839,,0.0
2022-06-05,16:29:00.000,15.783882654642781,,0.0
2022-06-05,16:30:00.000,15.781172813827537,,0.0
2022-06-05,16:31:00.000,15.79085888833918,,0.0
2022-06-05,16:32:00.000,15.790662253110883,,0.0
2022-06-05,16:33:00.000,15.784564603007913,,0.0
2022-06-05,16:34:00.000,15.792374400870171,,0.0
2022-06-05,16:35:00.000,15.79683628476823,,0.0
2022-06-05,16:36:00.000,15.788474546807809,,0.0
2022-06-05,16:37:00.000,15.78317412443327,,0.0
2022-06-05,16:38:00.000,15.796280395173559,,0.0
2022-06-05,16:39:00.000,15.78162080881444,,0.0
2022-06-05,16:40:00.000,15.802317067316329,,0.0
2022-06-05,16:41:00.000,15.786484430903753,,0.0
2022-06-05,16:42:00.000,15.774573521085063,,0.0
2022-06-05,16:43:00.000,15.803934311730533,,0.0
2022-06-05,16:44:00.000,15.793643676806287,,0.0
2022-06-05,16:45:00.000,15.783901415690018,,0.0
2022-06-05,16:46:00.000,15.789353195003729,,0.0
2022-06-05,16:47:00.000,15.810402286238752,,0.0
2022-06-05,16:48:00.000,15.785727222467049,,0.0
2022-06-05,16:49:00.000,15.780198058151399,,0.0
2022-06-05,16:50:00.000,15.795583698968773,,0.0
2022-06-05,16:51:00.000,15.781207965631546,,0.0
2022-06-05,16:52:00.000,15.794497218549816,,0.0
2022-06-05,16:53:00.000,15.772749678415225,,0.0
2022-06-05,16:54:00.000,15.797833859238931,,0.0
2022-06-05,16:55:00.000,15.779968744552377,,0.0
2022-06-05,16:56:00.000,15.783762822739874,,0.0
2022-06-05,16:57:00.000,15.793128436224,,0.0
2022-06-05,16:58:00.000,15.786917679901954,,0.0
2022-06-05,16:59:00.000,15.78549257944944,,0.0
2022-06-05,17:00:00.000,15.785600194262601,,0.0
2022-06-05,17:01:00.000,15.791215833631977,,0.0
2022-06-05,17:02:00.000,15.792391487262282,,0.0
2022-06-05,17:03:00.000,15.79286525172601,,0.0
2022-06-05,17:04:00.000,15.797134138017139,,0.0
2022-06-05,17:05:00.000,15.782622890573979,,0.0
2022-06-05,17:06:00.000,15.788580076065907,,0.0
2022-06-05,17:07:00.000,15.792967199388121,,0.0
2022-06-05,17:08:00.000,15.789932316031441,,0.0
2022-06-05,17:09:00.000,15.781433833675486,,0.0
2022-06-05,17:10:00.000,15.793379486248107,,0.0
2022-06-05,17:11:00.000,15.798415633499234,,0.0
2022-06-05,17:12:00.000,15.779130969776388,,0.0
2022-06-05,17:13:00.000,15.78883823993093,,0.0
2022-06-05,17:14:00.000,15.782569514281617,,0.0
2022-06-05,17:15:00.000,15.794166052391565,,0.0
2022-06-05,17:16:00.000,15.789643646366176,,0.0
2022-06-05,17:17:00.000,15.793770969793396,,0.0
2022-06-05,17:18:00.000,15.773921100615437,,0.0
2022-06-05,17:19:00.000,15.795204633700825,,0.0
2022-06-05,17:20:00.000,15.781522857499185,,0.0
2022-06-05,17:21:00.000,15.793637185640188,,0.0
2022-06-05,17:22:00.000,15.785880551578272,,0.0
2022-06-05,17:23:00.000,15.792426906073269,,0.0
2022-06-05,17:24:00.000,15.804392573363629,,0.0
2022-06-05,17:25:00.000,15.771749802271989,,0.0
2022-06-05,17:26:00.000,15.787320679854753,,0.0
2022-06-05,17:27:00.000,15.782298862761849,,0.0
2022-06-05,17:28:00.000,15.7954812002898,,0.0
2022-06-05,17:29:00.000,15.79787152808751,,0.0
2022-06-05,17:30:00.000,15.78865418311565,,0.0
2022-06-05,17:31:00.000,15.788164660249574,,0.0
2022-06-05,17:32:00.000,15.788633369362932,,0.0
2022-06-05,17:33:00.000,15.792434943344496,,0.0
2022-06-05,17:34:00.000,15.778166304976073,,0.0
2022-06-05,17:35:00.000,15.772179789718969,,0.0
2022-06-05,17:36:00.000,15.794079995736556,,0.0
2022-06-05,17:37:00.000,15.801312612310367,,0.0
2022-06-05,17:38:00.000,15.785066791743494,,0.0
2022-06-05,17:39:00.000,15.781371081580536,,0.0
2022-06-05,17:40:00.000,15.787799043028691,,0.0
2022-06-05,17:41:00.000,15.79220749089418,,0.0
2022-06-05,17:42:00.000,15.758115383700837,,0.0
2022-06-05,17:43:00.000,15.782708148866606,,0.0
2022-06-05,17:44:00.000,15.773622852555595,,0.0
2022-06-05,17:45:00.000,15.793320041795948,,0.0
2022-06-05,17:46:00.000,15.777840975157444,,0.0
2022-06-05,17:47:00.000,15.789868195831763,,0.0
2022-06-05,17:48:00.000,15.792393176620779,,0.0
2022-06-05,17:49:00.000,15.789486975489927,,0.0
2022-06-05,17:50:00.000,15.78721038495476,,0.0
2022-06-05,17:51:00.000,15.779642111476406,,0.0
2022-06-05,17:52:00.000,15.791432898243622,,0.0
2022-06-05,17:53:00.000,15.778008697042742,,0.0
2022-06-05,17:54:00.000,15.78254479084073,,0.0
2022-06-05,17:55:00.000,15.78435301728529,,0.0
2022-06-05,17:56:00.000,15.777200127207418,,0.0
2022-06-05,17:57:00.000,15.791748993450456,,0.0
2022-06-05,17:58:00.000,15.805954247981933,,0.0
2022-06-05,17:59:00.000,15.796853988474142,,0.0
2022-06-05,18:00:00.000,15.778106316253814,,0.0
2022-06-05,18:01:00.000,15.785390404869148,,0.0
2022-06-05,18:02:00.000,15.782470741557747,,0.0
2022-06-05,18:03:00.000,15.79037851415889,,0.0
2022-06-05,18:04:00.000,15.789252250736173,,0.0
2022-06-05,18:05:00.000,15.791614547754268,,0.0
2022-06-05,18:06:00.000,15.772978121969293,,0.0
2022-06-05,18:07:00.000,15.792344851726023,,0.0
2022-06-05,18:08:00.000,15.770432316032425,,0.0
2022-06-05,18:09:00.000,15.796786015235973,,0.0
2022-06-05,18:10:00.000,15.774752758258753,,0.0
2022-06-05,18:11:00.000,15.784931134708987,,0.0
2022-06-05,18:12:00.000,15.788497765825388,,0.0
2022-06-05,18:13:00.000,15.783025749173756,,0.0
2022-06-05,18:14:00.000,15.807995431137954,,0.0
2022-06-05,18:15:00.000,15.774136609081195,,0.0
2022-06-05,18:16:00.000,15.806872368098478,,0.0
2022-06-05,18:17:00.000,15.780454257561667,,0.0
2022-06-05,18:18:00.000,15.787547385680776,,0.0
2022-06-05,18:19:00.000,15.783835168620534,,0.0
2022-06-05,18:20:00.000,15.725883886768688,,0.0
2022-06-05,18:21:00.000,15.716166626421305,,0.0
2022-06-05,18:22:00.000,15.730794475986166,,0.0
2022-06-05,18:23:00.000,15.722592178696798,,0.0
2022-06-05,18:24:00.000,15.743858743348046,,0.0
2022-06-05,18:25:00.000,15.73294880231546,,0.0
2022-06-05,18:26:00.000,15.729818752659337,,0.0
2022-06-05,18:27:00.000,15.757001810249749,,0.0
2022-06-05,18:28:00.000,15.763511075705019,,0.0
2022-06-05,18:29:00.000,15.751567432379955,,0.0
2022-06-05,18:30:00.000,15.751006856692182,,0.0
2022-06-05,18:31:00.000,15.737460741435164,,0.0
2022-06-05,18:32:00.000,15.734409392021572,,0.0
2022-06-05,18:33:00.000,15.776665656561445,,0.0
2022-06-05,18:34:00.000,15.77662454295413,,0.0
2022-06-05,18:35:00.000,15.767982445025467,,0.0
2022-06-05,18:36:00.000,15.748350323801471,,0.0
2022-06-05,18:37:00.000,15.773213696410822,,0.0
2022-06-05,18:38:00.000,15.759772685747544,,0.0
2022-06-05,18:39:00.000,15.79152431247701,,0.0
2022-06-05,18:40:00.000,15.728731533154857,,0.0
2022-06-05,18:41:00.000,15.763547668422758,,0.0
2022-06-05,18:42:00.000,15.754689643302376,,0.0
2022-06-05,18:43:00.000,15.759949153255102,,0.0
2022-06-05,18:44:00.000,15.758982470191702,,0.0
2022-06-05,18:45:00.000,15.790503463001617,,0.0
2022-06-05,18:46:00.000,15.761508178020696,,0.0
2022-06-05,18:47:00.000,15.746611651799133,,0.0
2022-06-05,18:48:00.000,15.746861217291517,,0.0
2022-06-05,18:49:00.000,15.744540225723824,,0.0
2022-06-05,18:50:00.000,15.756459263956733,,0.0
2022-06-05,18:51:00.000,15.762828490438652,,0.0
2022-06-05,18:52:00.000,15.742010271729837,,0.0
2022-06-05,18:53:00.000,15.774536739512714,,0.0
2022-06-05,18:54:00.000,15.745982390740316,,0.0
2022-06-05,18:55:00.000,15.762026145286587,,0.0
2022-06-05,18:56:00.000,15.748876363399766,,0.0
2022-06-05,18:57:00.000,15.711270123302704,,0.0
2022-06-05,18:58:00.000,15.688251213450185,,0.0
2022-06-05,18:59:00.000,15.673593630288734,,0.0
2022-06-05,19:00:00.000,15.604931313606617,,0.0
2022-06-05,19:01:00.000,15.514348124734365,,0.0
2022-06-05,19:02:00.000,15.473619941196866,,0.0
2022-06-05,19:03:00.000,15.394749657122555,,0.0
2022-06-05,19:04:00.000,15.335733457584595,,0.0
2022-06-05,19:05:00.000,15.326993311307946,,0.0
2022-06-05,19:06:00.000,15.297503402758666,,0.0
2022-06-05,19:07:00.000,15.31571824822558,,0.0
2022-06-05,19:08:00.000,15.337076130084416,,0.0
2022-06-05,19:09:00.000,15.308818408240608,,0.0
2022-06-05,19:10:00.000,15.29188906190907,,0.0
2022-06-05,19:11:00.000,15.324285182524582,,0.0
2022-06-05,19:12:00.000,15.306642444949732,,0.0
2022-06-05,19:13:00.000,15.340895899595179,,0.0
2022-06-05,19:14:00.000,15.298938677642967,,0.0
2022-06-05,19:15:00.000,15.311427821222376,,0.0
2022-06-05,19:16:00.000,15.304667978977731,,0.0
2022-06-05,19:17:00.000,15.300075770423819,,0.0
2022-06-05,19:18:00.000,15.315182443129657,,0.0
2022-06-05,19:19:00.000,15.303398955648822,,0.0
2022-06-05,19:20:00.000,15.309373751975038,,0.0
2022-06-05,19:21:00.000,15.325491764694151,,0.0
2022-06-05,19:22:00.000,15.300827420859067,,0.0
2022-06-05,19:23:00.000,15.29646665043622,,0.0
2022-06-05,19:24:00.000,15.339251091829217,,0.0
2022-06-05,19:25:00.000,15.30269978064185,,0.0
2022-06-05,19:26:00.000,15.304202341829777,,0.0
2022-06-05,19:27:00.000,15.30739308772009,,0.0
2022-06-05,19:28:00.000,15.301210174136848,,0.0
2022-06-05,19:29:00.000,15.284017761140474,,0.0
2022-06-05,19:30:00.000,15.301675240819721,,0.0
2022-06-05,19:31:00.000,15.28726723745253,,0.0
2022-06-05,19:32:00.000,15.28143541152937,,0.0
2022-06-05,19:33:00.000,15.288664553700952,,0.0
2022-06-05,19:34:00.000,15.27866966566633,,0.0
2022-06-05,19:35:00.000,15.300505088525775,,0.0
2022-06-05,19:36:00.000,15.295929839566758,,0.0
2022-06-05,19:37:00.000,15.282169862968972,,0.0
2022-06-05,19:38:00.000,15.295781326753962,,0.0
2022-06-05,19:39:00.000,15.29467980910358,,0.0
2022-06-05,19:40:00.000,15.297122447402954,,0.0
2022-06-05,19:41:00.000,15.299521581370003,,0.0
2022-06-05,19:42:00.000,15.28280446733141,,0.0
2022-06-05,19:43:00.000,15.297457417860834,,0.0
2022-06-05,19:44:00.000,15.311496084502872,,0.0
2022-06-05,19:45:00.000,15.299674965060813,,0.0
2022-06-05,19:46:00.000,15.303691362086125,,0.0
2022-06-05,19:47:00.000,15.298461008283725,,0.0
2022-06-05,19:48:00.000,15.287182970234314,,0.0
2022-06-05,19:49:00.000,15.291636896666706,,0.0
2022-06-05,19:50:00.000,15.299372338124886,,0.0
2022-06-05,19:51:00.000,15.28404134228745,,0.0
2022-06-05,19:52:00.000,15.300971393932013,,0.0
2022-06-05,19:53:00.000,15.308016464614406,,0.0
2022-06-05,19:54:00.000,15.297546520535578,,0.0
2022-06-05,19:55:00.000,15.290936769483698,,0.0
2022-06-05,19:56:00.000,15.295904793889251,,0.0
2022-06-05,19:57:00.000,15.311957303465986,,0.0
2022-06-05,19:58:00.000,15.298120472982943,,0.0
2022-06-05,19:59:00.000,15.272328386259392,,0.0
2022-06-05,20:00:00.000,15.307260528355707,,0.0
2022-06-05,20:01:00.000,15.273148552287578,,0.0
2022-06-05,20:02:00.000,15.31543056039652,,0.0
2022-06-05,20:03:00.000,15.298251566679967,,0.0
2022-06-05,20:04:00.000,15.292921254408355,,0.0
2022-06-05,20:05:00.000,15.292404469375649,,0.0
2022-06-05,20:06:00.000,15.292063187627887,,0.0
2022-06-05,20:07:00.000,15.285074679058273,,0.0
2022-06-05,20:08:00.000,15.296872034217262,,0.0
2022-06-05,20:09:00.000,15.290254284727917,,0.0
2022-06-05,20:10:00.000,15.2987950105534,,0.0
2022-06-05,20:11:00.000,15.298066666708722,,0.0
2022-06-05,20:12:00.000,15.289983532286485,,0.0
2022-06-05,20:13:00.000,15.30149798859571,,0.0
2022-06-05,20:14:00.000,15.288418840272717,,0.0
2022-06-05,20:15:00.000,15.294503079596572,,0.0
2022-06-05,20:16:00.000,15.292194187681542,,0.0
2022-06-05,20:17:00.000,15.298407217320294,,0.0
2022-06-05,20:18:00.000,15.301920304468897,,0.0
2022-06-05,20:19:00.000,15.269601436232897,,0.0
2022-06-05,20:20:00.000,15.296081760034602,,0.0
2022-06-05,20:21:00.000,15.307679931682765,,0.0
2022-06-05,20:22:00.000,15.290765920323105,,0.0
2022-06-05,20:23:00.000,15.297983690934817,,0.0
2022-06-05,20:24:00.000,15.284335749213653,,0.0
2022-06-05,20:25:00.000,15.295372891244183,,0.0
2022-06-05,20:26:00.000,15.29558078713187,,0.0
2022-06-05,20:27:00.000,15.288231356435384,,0.0
2022-06-05,20:28:00.000,15.293018609598263,,0.0
2022-06-05,20:29:00.000,15.290886149159427,,0.0
2022-06-05,20:30:00.000,15.309531817969162,,0.0
2022-06-05,20:31:00.000,15.29395977836953,,0.0
2022-06-05,20:32:00.000,15.275599404216548,,0.0
2022-06-05,20:33:00.000,15.314920713445776,,0.0
2022-06-05,20:34:00.000,15.280100399414085,,0.0
2022-06-05,20:35:00.000,15.28510481896691,,0.0
2022-06-05,20:36:00.000,15.3299513776389,,0.0
2022-06-05,20:37:00.000,15.29757675428004,,0.0
2022-06-05,20:38:00.000,15.28465531237736,,0.0
2022-06-05,20:39:00.000,15.297506063579782,,0.0
2022-06-05,20:40:00.000,15.291473303338321,,0.0
2022-06-05,20:41:00.000,15.29406909880975,,0.0
2022-06-05,20:42:00.000,15.307477698669235,,0.0
2022-06-05,20:43:00.000,15.297614351489582,,0.0
2022-06-05,20:44:00.000,15.30395324913395,,0.0
2022-06-05,20:45:00.000,15.29755331304715,,0.0
2022-06-05,20:46:00.000,15.300276365209495,,0.0
2022-06-05,20:47:00.000,15.29391947368963,,0.0
2022-06-05,20:48:00.000,15.295353872733838,,0.0
2022-06-05,20:49:00.000,15.290071243704494,,0.0
2022-06-05,20:50:00.000,15.291689595058719,,0.0
2022-06-05,20:51:00.000,15.284493862650166,,0.0
2022-06-05,20:52:00.000,15.291883443902826,,0.0
2022-06-05,20:53:00.000,15.300350437542145,,0.0
2022-06-05,20:54:00.000,15.301297126160014,,0.0
2022-06-05,20:55:00.000,15.296662576265772,,0.0
2022-06-05,20:56:00.000,15.299568062751435,,0.0
2022-06-05,20:57:00.000,15.288330535550742,,0.0
2022-06-05,20:58:00.000,15.28051553206634,,0.0
2022-06-05,20:59:00.000,15.289175882199038,,0.0
2022-06-05,21:00:00.000,15.307104997806587,,0.0
2022-06-05,21:01:00.000,15.295689715431598,,0.0
2022-06-05,21:02:00.000,15.284456938478316,,0.0
2022-06-05,21:03:00.000,15.29262467639033,,0.0
2022-06-05,21:04:00.000,15.28513799232639,,0.0
2022-06-05,21:05:00.000,15.294355028025649,,0.0
2022-06-05,21:06:00.000,15.296585347967882,,0.0
2022-06-05,21:07:00.000,15.293816587802866,,0.0
2022-06-05,21:08:00.000,15.284797711872754,,0.0
2022-06-05,21:09:00.000,15.286983627810121,,0.0
2022-06-05,21:10:00.000,15.302426379081806,,0.0
2022-06-05,21:11:00.000,15.30278249152766,,0.0
2022-06-05,21:12:00.000,15.292760956097467,,0.0
2022-06-05,21:13:00.000,15.296470326531322,,0.0
2022-06-05,21:14:00.000,15.289904969430022,,0.0
2022-06-05,21:15:00.000,15.28674355742584,,0.0
2022-06-05,21:16:00.000,15.285231702443376,,0.0
2022-06-05,21:17:00.000,15.304748332762712,,0.0
2022-06-05,21:18:00.000,15.29761359811101,,0.0
2022-06-05,21:19:00.000,15.304127729412766,,0.0
2022-06-05,21:20:00.000,15.296447464657884,,0.0
2022-06-05,21:21:00.000,15.293592161553041,,0.0
2022-06-05,21:22:00.000,15.295358965982558,,0.0
2022-06-05,21:23:00.000,15.279507967017224,,0.0
2022-06-05,21:24:00.000,15.292439183243761,,0.0
2022-06-05,21:25:00.000,15.289518596824195,,0.0
2022-06-05,21:26:00.000,15.286131684602198,,0.0
2022-06-05,21:27:00.000,15.298517281755695,,0.0
2022-06-05,21:28:00.000,15.29174580359241,,0.0
2022-06-05,21:29:00.000,15.27959238034777,,0.0
2022-06-05,21:30:00.000,15.276295493860369,,0.0
2022-06-05,21:31:00.000,15.291390562175287,,0.0
2022-06-05,21:32:00.000,15.298905431188087,,0.0
2022-06-05,21:33:00.000,15.299652906573764,,0.0
2022-06-05,21:34:00.000,15.309910993215103,,0.0
2022-06-05,21:35:00.000,15.283601702013165,,0.0
2022-06-05,21:36:00.000,15.282290159985527,,0.0
2022-06-05,21:37:00.000,15.297148172805173,,0.0
2022-06-05,21:38:00.000,15.303871738137977,,0.0
2022-06-05,21:39:00.000,15.291616054381985,,0.0
2022-06-05,21:40:00.000,15.30157050628056,,0.0
2022-06-05,21:41:00.000,15.288190594081431,,0.0
2022-06-05,21:42:00.000,15.277208409069113,,0.0
2022-06-05,21:43:00.000,15.273349729645073,,0.0
2022-06-05,21:44:00.000,15.2736434755453,,0.0
2022-06-05,21:45:00.000,15.286413002890288,,0.0
2022-06-05,21:46:00.000,15.273412786661218,,0.0
2022-06-05,21:47:00.000,15.303162878760718,,0.0
2022-06-05,21:48:00.000,15.28798650945179,,0.0
2022-06-05,21:49:00.000,15.296399268842448,,0.0
2022-06-05,21:50:00.000,15.298205979763607,,0.0
2022-06-05,21:51:00.000,15.2833332372501,,0.0
2022-06-05,21:52:00.000,15.296167072799149,,0.0
2022-06-05,21:53:00.000,15.272768035945347,,0.0
2022-06-05,21:54:00.000,15.301444438566902,,0.0
2022-06-05,21:55:00.000,15.307032150577133,,0.0
2022-06-05,21:56:00.000,15.295831586960599,,0.0
2022-06-05,21:57:00.000,15.298383084300315,,0.0
2022-06-05,21:58:00.000,15.296851868065342,,0.0
2022-06-05,21:59:00.000,15.300470947171538,,0.0
2022-06-05,22:00:00.000,15.292286111641221,,0.0
2022-06-05,22:01:00.000,15.29896075670578,,0.0
2022-06-05,22:02:00.000,15.287021875700756,,0.0
2022-06-05,22:03:00.000,15.286619985242494,,0.0
2022-06-05,22:04:00.000,15.29182647405737,,0.0
2022-06-05,22:05:00.000,15.28884792062034,,0.0
2022-06-05,22:06:00.000,15.29486866448731,,0.0
2022-06-05,22:07:00.000,15.284082816354863,,0.0
2022-06-05,22:08:00.000,15.300932867134549,,0.0
2022-06-05,22:09:00.000,15.289615279388105,,0.0
2022-06-05,22:10:00.000,15.312948181839516,,0.0
2022-06-05,22:11:00.000,15.289671898594971,,0.0
2022-06-05,22:12:00.000,15.3213583663731,,0.0
2022-06-05,22:13:00.000,15.294851586575426,,0.0
2022-06-05,22:14:00.000,15.292148237661692,,0.0
2022-06-05,22:15:00.000,15.290566989226546,,0.0
2022-06-05,22:16:00.000,15.293099244602757,,0.0
2022-06-05,22:17:00.000,15.291485388979021,,0.0
2022-06-05,22:18:00.000,5.782159408710018,,0.0
2022-06-05,22:19:00.000,0.020322607091084827,,0.0
2022-06-05,22:20:00.000,0.019979579961300023,,0.0
2022-06-05,22:21:00.000,0.019636552831515223,,0.0
2022-06-05,22:22:00.000,0.019293525701730423,,0.0
2022-06-05,22:23:00.000,0.018950498571945616,,0.0
2022-06-05,22:24:00.000,0.018607471442160815,,0.0
2022-06-05,22:25:00.000,0.01826444431237602,,0.0
2022-06-05,22:26:00.000,0.017921417182591215,,0.0
2022-06-05,22:27:00.000,0.017578390052806415,,0.0
2022-06-05,22:28:00.000,0.01723536292302161,,0.0
2022-06-05,22:29:00.000,0.01689233579323681,,0.0
2022-06-05,22:30:00.000,0.016549308663452007,,0.0
2022-06-05,22:31:00.000,0.016206281533667207,,0.0
2022-06-05,22:32:00.000,0.015863254403882407,,0.0
2022-06-05,22:33:00.000,0.015520227274097605,,0.0
2022-06-05,22:34:00.000,0.015177200144312803,,0.0
2022-06-05,22:35:00.000,0.014834173014528003,,0.0
2022-06-05,22:36:00.000,0.0144911458847432,,0.0
2022-06-05,22:37:00.000,0.014148118754958397,,0.0
2022-06-05,22:38:00.000,0.013805091625173599,,0.0
2022-06-05,22:39:00.000,0.013462064495388795,,0.0
2022-06-05,22:40:00.000,0.013119037365603993,,0.0
2022-06-05,22:41:00.000,0.012776010235819195,,0.0
2022-06-05,22:42:00.000,0.012432983106034391,,0.0
2022-06-05,22:43:00.000,0.01208995597624959,,0.0
2022-06-05,22:44:00.000,0.01174692884646479,,0.0
2022-06-05,22:45:00.000,0.011403901716679987,,0.0
2022-06-05,22:46:00.000,0.011060874586895185,,0.0
2022-06-05,22:47:00.000,0.010717847457110387,,0.0
2022-06-05,22:48:00.000,0.010374820327325581,,0.0
2022-06-05,22:49:00.000,0.010031793197540781,,0.0
2022-06-05,22:50:00.000,0.009688766067755981,,0.0
2022-06-05,22:51:00.000,0.009345738937971177,,0.0
2022-06-05,22:52:00.000,0.009002711808186377,,0.0
2022-06-05,22:53:00.000,0.008659684678401577,,0.0
2022-06-05,22:54:00.000,0.008316657548616777,,0.0
2022-06-05,22:55:00.000,0.007973630418831973,,0.0
2022-06-05,22:56:00.000,0.007630603289047172,,0.0
2022-06-05,22:57:00.000,0.00728757615926237,,0.0
2022-06-05,22:58:00.000,0.006944549029477569,,0.0
2022-06-05,22:59:00.000,0.006601521899692769,,0.0
2022-06-05,23:00:00.000,0.006258494769907966,,0.0
2022-06-05,23:01:00.000,0.005915467640123166,,0.0
2022-06-05,23:02:00.000,0.005572440510338363,,0.0
2022-06-05,23:03:00.000,0.005229413380553562,,0.0
2022-06-05,23:04:00.000,0.00488638625076876,,0.0
2022-06-05,23:05:00.000,0.00454335912098396,,0.0
2022-06-05,23:06:00.000,0.004200331991199159,,0.0
2022-06-05,23:07:00.000,0.003857304861414357,,0.0
2022-06-05,23:08:00.000,0.003514277731629557,,0.0
2022-06-05,23:09:00.000,0.0031712506018447533,,0.0
2022-06-05,23:10:00.000,0.002828223472059951,,0.0
2022-06-05,23:11:00.000,0.002485196342275151,,0.0
2022-06-05,23:12:00.000,0.0021421692124903493,,0.0
2022-06-05,23:13:00.000,0.0017991420827055491,,0.0
2022-06-05,23:14:00.000,0.0014561149529207472,,0.0
2022-06-05,23:15:00.000,0.0011130878231359453,,0.0
2022-06-05,23:16:00.000,7.700606933511434E-4,,0.0
2022-06-05,23:17:00.000,4.2703356356634144E-4,,0.0
2022-06-05,23:18:00.000,1.2558066176380285E-4,,0.0
2022-06-05,23:19:00.000,8.137941767927259E-5,,0.0
2022-06-05,23:20:00.000,8.137941767927259E-5,,0.0
2022-06-05,23:21:00.000,8.137941767927259E-5,,0.0
2022-06-05,23:22:00.000,8.137941767927259E-5,,0.0
2022-06-05,23:23:00.000,8.137941767927259E-5,,0.0
2022-06-05,23:24:00.000,8.137941767927259E-5,,0.0
2022-06-05,23:25:00.000,8.137941767927259E-5,,0.0
2022-06-05,23:26:00.000,8.137941767927259E-5,,0.0
2022-06-05,23:27:00.000,8.137941767927259E-5,,0.0
2022-06-05,23:28:00.000,8.137941767927259E-5,,0.0
2022-06-05,23:29:00.000,8.137941767927259E-5,,0.0
2022-06-05,23:30:00.000,8.137941767927259E-5,,0.0
2022-06-05,23:31:00.000,8.137941767927259E-5,,0.0
2022-06-05,23:32:00.000,8.137941767927259E-5,,0.0
2022-06-05,23:33:00.000,8.137941767927259E-5,,0.0
2022-06-05,23:34:00.000,8.137941767927259E-5,,0.0
2022-06-05,23:35:00.000,8.137941767927259E-5,,0.0
2022-06-05,23:36:00.000,8.137941767927259E-5,,0.0
2022-06-05,23:37:00.000,8.137941767927259E-5,,0.0
2022-06-05,23:38:00.000,8.137941767927259E-5,,0.0
2022-06-05,23:39:00.000,8.137941767927259E-5,,0.0
2022-06-05,23:40:00.000,8.137941767927259E-5,,0.0
2022-06-05,23:41:00.000,8.137941767927259E-5,,0.0
2022-06-05,23:42:00.000,8.137941767927259E-5,,0.0
2022-06-05,23:43:00.000,8.137941767927259E-5,,0.0
2022-06-05,23:44:00.000,8.137941767927259E-5,,0.0
2022-06-05,23:45:00.000,8.137941767927259E-5,,0.0
2022-06-05,23:46:00.000,8.137941767927259E-5,,0.0
2022-06-05,23:47:00.000,8.137941767927259E-5,,0.0
2022-06-05,23:48:00.000,8.137941767927259E-5,,0.0
2022-06-05,23:49:00.000,8.137941767927259E-5,,0.0
2022-06-05,23:50:00.000,8.137941767927259E-5,,0.0
2022-06-05,23:51:00.000,8.137941767927259E-5,,0.0
2022-06-05,23:52:00.000,8.137941767927259E-5,,0.0
2022-06-05,23:53:00.000,8.137941767927259E-5,,0.0
2022-06-05,23:54:00.000,8.137941767927259E-5,,0.0
2022-06-05,23:55:00.000,8.137941767927259E-5,,0.0
2022-06-05,23:56:00.000,8.137941767927259E-5,,0.0
2022-06-05,23:57:00.000,8.137941767927259E-5,,0.0
2022-06-05,23:58:00.000,8.137941767927259E-5,,0.0
2022-06-05,23:59:00.000,8.137941767927259E-5,,0.0
2022-06-06,00:00:00.000,8.137941767927259E-5,,0.0
